<annotation>
	<folder>my-project-name</folder>
	<filename>IMG_E8519.JPG</filename>
	<path>/my-project-name/IMG_E8519.JPG</path>
	<source>
		<database>Unspecified</database>
	</source>
	<size>
		<width>3024</width>
		<height>3024</height>
		<depth>3</depth>
	</size>
	<object>
		<name>ICS</name>
		<pose>Unspecified</pose>
		<truncated>Unspecified</truncated>
		<difficult>Unspecified</difficult>
		<bndbox>
			<xmin>1549</xmin>
			<ymin>420</ymin>
			<xmax>1872</xmax>
			<ymax>802</ymax>
		</bndbox>
	</object>
	<object>
		<name>Flip ICS</name>
		<pose>Unspecified</pose>
		<truncated>Unspecified</truncated>
		<difficult>Unspecified</difficult>
		<bndbox>
			<xmin>2043</xmin>
			<ymin>780</ymin>
			<xmax>2370</xmax>
			<ymax>1074</ymax>
		</bndbox>
	</object>
	<object>
		<name>ICS</name>
		<pose>Unspecified</pose>
		<truncated>Unspecified</truncated>
		<difficult>Unspecified</difficult>
		<bndbox>
			<xmin>1360</xmin>
			<ymin>1219</ymin>
			<xmax>1713</xmax>
			<ymax>1568</ymax>
		</bndbox>
	</object>
	<object>
		<name>ICS</name>
		<pose>Unspecified</pose>
		<truncated>Unspecified</truncated>
		<difficult>Unspecified</difficult>
		<bndbox>
			<xmin>1939</xmin>
			<ymin>1490</ymin>
			<xmax>2233</xmax>
			<ymax>1805</ymax>
		</bndbox>
	</object>
	<object>
		<name>ICS</name>
		<pose>Unspecified</pose>
		<truncated>Unspecified</truncated>
		<difficult>Unspecified</difficult>
		<bndbox>
			<xmin>2207</xmin>
			<ymin>1356</ymin>
			<xmax>2508</xmax>
			<ymax>1690</ymax>
		</bndbox>
	</object>
	<object>
		<name>ICS</name>
		<pose>Unspecified</pose>
		<truncated>Unspecified</truncated>
		<difficult>Unspecified</difficult>
		<bndbox>
			<xmin>1690</xmin>
			<ymin>1876</ymin>
			<xmax>1984</xmax>
			<ymax>2214</ymax>
		</bndbox>
	</object>
	<object>
		<name>ICS</name>
		<pose>Unspecified</pose>
		<truncated>Unspecified</truncated>
		<difficult>Unspecified</difficult>
		<bndbox>
			<xmin>2173</xmin>
			<ymin>1883</ymin>
			<xmax>2530</xmax>
			<ymax>2270</ymax>
		</bndbox>
	</object>
	<object>
		<name>ICS</name>
		<pose>Unspecified</pose>
		<truncated>Unspecified</truncated>
		<difficult>Unspecified</difficult>
		<bndbox>
			<xmin>2634</xmin>
			<ymin>1620</ymin>
			<xmax>2972</xmax>
			<ymax>1917</ymax>
		</bndbox>
	</object>
</annotation>