<annotation>
	<folder>my-project-name</folder>
	<filename>IMG_E8565.JPG</filename>
	<path>/my-project-name/IMG_E8565.JPG</path>
	<source>
		<database>Unspecified</database>
	</source>
	<size>
		<width>3024</width>
		<height>3024</height>
		<depth>3</depth>
	</size>
	<object>
		<name>ICS</name>
		<pose>Unspecified</pose>
		<truncated>Unspecified</truncated>
		<difficult>Unspecified</difficult>
		<bndbox>
			<xmin>1408</xmin>
			<ymin>984</ymin>
			<xmax>1761</xmax>
			<ymax>1401</ymax>
		</bndbox>
	</object>
	<object>
		<name>ICS</name>
		<pose>Unspecified</pose>
		<truncated>Unspecified</truncated>
		<difficult>Unspecified</difficult>
		<bndbox>
			<xmin>1805</xmin>
			<ymin>840</ymin>
			<xmax>2162</xmax>
			<ymax>1155</ymax>
		</bndbox>
	</object>
	<object>
		<name>ICS</name>
		<pose>Unspecified</pose>
		<truncated>Unspecified</truncated>
		<difficult>Unspecified</difficult>
		<bndbox>
			<xmin>2073</xmin>
			<ymin>1278</ymin>
			<xmax>2448</xmax>
			<ymax>1642</ymax>
		</bndbox>
	</object>
	<object>
		<name>ICS</name>
		<pose>Unspecified</pose>
		<truncated>Unspecified</truncated>
		<difficult>Unspecified</difficult>
		<bndbox>
			<xmin>2496</xmin>
			<ymin>1267</ymin>
			<xmax>2883</xmax>
			<ymax>1679</ymax>
		</bndbox>
	</object>
</annotation>