<annotation>
	<folder>my-project-name</folder>
	<filename>IMG_E8580.JPG</filename>
	<path>/my-project-name/IMG_E8580.JPG</path>
	<source>
		<database>Unspecified</database>
	</source>
	<size>
		<width>3024</width>
		<height>3024</height>
		<depth>3</depth>
	</size>
	<object>
		<name>Flip ICS</name>
		<pose>Unspecified</pose>
		<truncated>Unspecified</truncated>
		<difficult>Unspecified</difficult>
		<bndbox>
			<xmin>1441</xmin>
			<ymin>906</ymin>
			<xmax>1828</xmax>
			<ymax>1300</ymax>
		</bndbox>
	</object>
	<object>
		<name>Flip ICS</name>
		<pose>Unspecified</pose>
		<truncated>Unspecified</truncated>
		<difficult>Unspecified</difficult>
		<bndbox>
			<xmin>2463</xmin>
			<ymin>1274</ymin>
			<xmax>2913</xmax>
			<ymax>1631</ymax>
		</bndbox>
	</object>
	<object>
		<name>Flip ICS</name>
		<pose>Unspecified</pose>
		<truncated>Unspecified</truncated>
		<difficult>Unspecified</difficult>
		<bndbox>
			<xmin>1081</xmin>
			<ymin>1590</ymin>
			<xmax>1464</xmax>
			<ymax>1954</ymax>
		</bndbox>
	</object>
	<object>
		<name>Flip ICS</name>
		<pose>Unspecified</pose>
		<truncated>Unspecified</truncated>
		<difficult>Unspecified</difficult>
		<bndbox>
			<xmin>1508</xmin>
			<ymin>2426</ymin>
			<xmax>1887</xmax>
			<ymax>2823</ymax>
		</bndbox>
	</object>
</annotation>