<annotation>
	<folder>my-project-name</folder>
	<filename>IMG_E8560.JPG</filename>
	<path>/my-project-name/IMG_E8560.JPG</path>
	<source>
		<database>Unspecified</database>
	</source>
	<size>
		<width>3024</width>
		<height>3024</height>
		<depth>3</depth>
	</size>
	<object>
		<name>ICS</name>
		<pose>Unspecified</pose>
		<truncated>Unspecified</truncated>
		<difficult>Unspecified</difficult>
		<bndbox>
			<xmin>1360</xmin>
			<ymin>1077</ymin>
			<xmax>1727</xmax>
			<ymax>1493</ymax>
		</bndbox>
	</object>
	<object>
		<name>Flip ICS</name>
		<pose>Unspecified</pose>
		<truncated>Unspecified</truncated>
		<difficult>Unspecified</difficult>
		<bndbox>
			<xmin>2158</xmin>
			<ymin>866</ymin>
			<xmax>2560</xmax>
			<ymax>1237</ymax>
		</bndbox>
	</object>
</annotation>