<annotation>
	<folder>my-project-name</folder>
	<filename>IMG_E8577.JPG</filename>
	<path>/my-project-name/IMG_E8577.JPG</path>
	<source>
		<database>Unspecified</database>
	</source>
	<size>
		<width>3024</width>
		<height>3024</height>
		<depth>3</depth>
	</size>
	<object>
		<name>ICS</name>
		<pose>Unspecified</pose>
		<truncated>Unspecified</truncated>
		<difficult>Unspecified</difficult>
		<bndbox>
			<xmin>750</xmin>
			<ymin>1638</ymin>
			<xmax>1085</xmax>
			<ymax>1995</ymax>
		</bndbox>
	</object>
	<object>
		<name>Flip ICS</name>
		<pose>Unspecified</pose>
		<truncated>Unspecified</truncated>
		<difficult>Unspecified</difficult>
		<bndbox>
			<xmin>1516</xmin>
			<ymin>1460</ymin>
			<xmax>1902</xmax>
			<ymax>1813</ymax>
		</bndbox>
	</object>
	<object>
		<name>Flip ICS</name>
		<pose>Unspecified</pose>
		<truncated>Unspecified</truncated>
		<difficult>Unspecified</difficult>
		<bndbox>
			<xmin>2170</xmin>
			<ymin>464</ymin>
			<xmax>2578</xmax>
			<ymax>821</ymax>
		</bndbox>
	</object>
</annotation>