<annotation>
	<folder>my-project-name</folder>
	<filename>IMG_E8570.JPG</filename>
	<path>/my-project-name/IMG_E8570.JPG</path>
	<source>
		<database>Unspecified</database>
	</source>
	<size>
		<width>3024</width>
		<height>3024</height>
		<depth>3</depth>
	</size>
	<object>
		<name>ICS</name>
		<pose>Unspecified</pose>
		<truncated>Unspecified</truncated>
		<difficult>Unspecified</difficult>
		<bndbox>
			<xmin>1137</xmin>
			<ymin>1088</ymin>
			<xmax>1568</xmax>
			<ymax>1467</ymax>
		</bndbox>
	</object>
	<object>
		<name>Flip ICS</name>
		<pose>Unspecified</pose>
		<truncated>Unspecified</truncated>
		<difficult>Unspecified</difficult>
		<bndbox>
			<xmin>1415</xmin>
			<ymin>1553</ymin>
			<xmax>1779</xmax>
			<ymax>1824</ymax>
		</bndbox>
	</object>
	<object>
		<name>ICS</name>
		<pose>Unspecified</pose>
		<truncated>Unspecified</truncated>
		<difficult>Unspecified</difficult>
		<bndbox>
			<xmin>1857</xmin>
			<ymin>1690</ymin>
			<xmax>2262</xmax>
			<ymax>2110</ymax>
		</bndbox>
	</object>
	<object>
		<name>ICS</name>
		<pose>Unspecified</pose>
		<truncated>Unspecified</truncated>
		<difficult>Unspecified</difficult>
		<bndbox>
			<xmin>1898</xmin>
			<ymin>2106</ymin>
			<xmax>2262</xmax>
			<ymax>2459</ymax>
		</bndbox>
	</object>
</annotation>