<annotation>
	<folder>my-project-name</folder>
	<filename>IMG_E8526.JPG</filename>
	<path>/my-project-name/IMG_E8526.JPG</path>
	<source>
		<database>Unspecified</database>
	</source>
	<size>
		<width>3024</width>
		<height>3024</height>
		<depth>3</depth>
	</size>
	<object>
		<name>ICS</name>
		<pose>Unspecified</pose>
		<truncated>Unspecified</truncated>
		<difficult>Unspecified</difficult>
		<bndbox>
			<xmin>1114</xmin>
			<ymin>41</ymin>
			<xmax>1471</xmax>
			<ymax>371</ymax>
		</bndbox>
	</object>
	<object>
		<name>Flip ICS</name>
		<pose>Unspecified</pose>
		<truncated>Unspecified</truncated>
		<difficult>Unspecified</difficult>
		<bndbox>
			<xmin>1950</xmin>
			<ymin>0</ymin>
			<xmax>2329</xmax>
			<ymax>323</ymax>
		</bndbox>
	</object>
	<object>
		<name>Flip ICS</name>
		<pose>Unspecified</pose>
		<truncated>Unspecified</truncated>
		<difficult>Unspecified</difficult>
		<bndbox>
			<xmin>936</xmin>
			<ymin>565</ymin>
			<xmax>1293</xmax>
			<ymax>925</ymax>
		</bndbox>
	</object>
	<object>
		<name>Flip ICS</name>
		<pose>Unspecified</pose>
		<truncated>Unspecified</truncated>
		<difficult>Unspecified</difficult>
		<bndbox>
			<xmin>1479</xmin>
			<ymin>661</ymin>
			<xmax>1861</xmax>
			<ymax>1029</ymax>
		</bndbox>
	</object>
	<object>
		<name>Flip ICS</name>
		<pose>Unspecified</pose>
		<truncated>Unspecified</truncated>
		<difficult>Unspecified</difficult>
		<bndbox>
			<xmin>1913</xmin>
			<ymin>353</ymin>
			<xmax>2303</xmax>
			<ymax>706</ymax>
		</bndbox>
	</object>
	<object>
		<name>ICS</name>
		<pose>Unspecified</pose>
		<truncated>Unspecified</truncated>
		<difficult>Unspecified</difficult>
		<bndbox>
			<xmin>435</xmin>
			<ymin>984</ymin>
			<xmax>840</xmax>
			<ymax>1404</ymax>
		</bndbox>
	</object>
	<object>
		<name>ICS</name>
		<pose>Unspecified</pose>
		<truncated>Unspecified</truncated>
		<difficult>Unspecified</difficult>
		<bndbox>
			<xmin>958</xmin>
			<ymin>1044</ymin>
			<xmax>1308</xmax>
			<ymax>1349</ymax>
		</bndbox>
	</object>
	<object>
		<name>Flip ICS</name>
		<pose>Unspecified</pose>
		<truncated>Unspecified</truncated>
		<difficult>Unspecified</difficult>
		<bndbox>
			<xmin>1802</xmin>
			<ymin>1441</ymin>
			<xmax>2151</xmax>
			<ymax>1831</ymax>
		</bndbox>
	</object>
	<object>
		<name>ICS</name>
		<pose>Unspecified</pose>
		<truncated>Unspecified</truncated>
		<difficult>Unspecified</difficult>
		<bndbox>
			<xmin>2144</xmin>
			<ymin>1512</ymin>
			<xmax>2496</xmax>
			<ymax>1869</ymax>
		</bndbox>
	</object>
	<object>
		<name>ICS</name>
		<pose>Unspecified</pose>
		<truncated>Unspecified</truncated>
		<difficult>Unspecified</difficult>
		<bndbox>
			<xmin>903</xmin>
			<ymin>1646</ymin>
			<xmax>1297</xmax>
			<ymax>2028</ymax>
		</bndbox>
	</object>
	<object>
		<name>ICS</name>
		<pose>Unspecified</pose>
		<truncated>Unspecified</truncated>
		<difficult>Unspecified</difficult>
		<bndbox>
			<xmin>2073</xmin>
			<ymin>1988</ymin>
			<xmax>2485</xmax>
			<ymax>2411</ymax>
		</bndbox>
	</object>
	<object>
		<name>Flip ICS</name>
		<pose>Unspecified</pose>
		<truncated>Unspecified</truncated>
		<difficult>Unspecified</difficult>
		<bndbox>
			<xmin>2474</xmin>
			<ymin>1735</ymin>
			<xmax>2835</xmax>
			<ymax>2114</ymax>
		</bndbox>
	</object>
	<object>
		<name>ICS</name>
		<pose>Unspecified</pose>
		<truncated>Unspecified</truncated>
		<difficult>Unspecified</difficult>
		<bndbox>
			<xmin>2463</xmin>
			<ymin>765</ymin>
			<xmax>2786</xmax>
			<ymax>1096</ymax>
		</bndbox>
	</object>
	<object>
		<name>Flip ICS</name>
		<pose>Unspecified</pose>
		<truncated>Unspecified</truncated>
		<difficult>Unspecified</difficult>
		<bndbox>
			<xmin>2144</xmin>
			<ymin>806</ymin>
			<xmax>2467</xmax>
			<ymax>1137</ymax>
		</bndbox>
	</object>
	<object>
		<name>Flip ICS</name>
		<pose>Unspecified</pose>
		<truncated>Unspecified</truncated>
		<difficult>Unspecified</difficult>
		<bndbox>
			<xmin>2366</xmin>
			<ymin>1155</ymin>
			<xmax>2738</xmax>
			<ymax>1519</ymax>
		</bndbox>
	</object>
</annotation>