<annotation>
	<folder>my-project-name</folder>
	<filename>IMG_E8572.JPG</filename>
	<path>/my-project-name/IMG_E8572.JPG</path>
	<source>
		<database>Unspecified</database>
	</source>
	<size>
		<width>3024</width>
		<height>3024</height>
		<depth>3</depth>
	</size>
	<object>
		<name>ICS</name>
		<pose>Unspecified</pose>
		<truncated>Unspecified</truncated>
		<difficult>Unspecified</difficult>
		<bndbox>
			<xmin>910</xmin>
			<ymin>1278</ymin>
			<xmax>1375</xmax>
			<ymax>1616</ymax>
		</bndbox>
	</object>
	<object>
		<name>Flip ICS</name>
		<pose>Unspecified</pose>
		<truncated>Unspecified</truncated>
		<difficult>Unspecified</difficult>
		<bndbox>
			<xmin>1579</xmin>
			<ymin>918</ymin>
			<xmax>1965</xmax>
			<ymax>1304</ymax>
		</bndbox>
	</object>
	<object>
		<name>Flip ICS</name>
		<pose>Unspecified</pose>
		<truncated>Unspecified</truncated>
		<difficult>Unspecified</difficult>
		<bndbox>
			<xmin>2054</xmin>
			<ymin>858</ymin>
			<xmax>2452</xmax>
			<ymax>1189</ymax>
		</bndbox>
	</object>
	<object>
		<name>ICS</name>
		<pose>Unspecified</pose>
		<truncated>Unspecified</truncated>
		<difficult>Unspecified</difficult>
		<bndbox>
			<xmin>1765</xmin>
			<ymin>472</ymin>
			<xmax>2114</xmax>
			<ymax>799</ymax>
		</bndbox>
	</object>
</annotation>