<annotation>
	<folder>my-project-name</folder>
	<filename>IMG_E8555.JPG</filename>
	<path>/my-project-name/IMG_E8555.JPG</path>
	<source>
		<database>Unspecified</database>
	</source>
	<size>
		<width>3024</width>
		<height>3024</height>
		<depth>3</depth>
	</size>
	<object>
		<name>ICS</name>
		<pose>Unspecified</pose>
		<truncated>Unspecified</truncated>
		<difficult>Unspecified</difficult>
		<bndbox>
			<xmin>1609</xmin>
			<ymin>1534</ymin>
			<xmax>1962</xmax>
			<ymax>1835</ymax>
		</bndbox>
	</object>
</annotation>