<annotation>
	<folder>my-project-name</folder>
	<filename>IMG_E8527.JPG</filename>
	<path>/my-project-name/IMG_E8527.JPG</path>
	<source>
		<database>Unspecified</database>
	</source>
	<size>
		<width>3024</width>
		<height>3024</height>
		<depth>3</depth>
	</size>
	<object>
		<name>ICS</name>
		<pose>Unspecified</pose>
		<truncated>Unspecified</truncated>
		<difficult>Unspecified</difficult>
		<bndbox>
			<xmin>2151</xmin>
			<ymin>490</ymin>
			<xmax>2571</xmax>
			<ymax>892</ymax>
		</bndbox>
	</object>
	<object>
		<name>ICS</name>
		<pose>Unspecified</pose>
		<truncated>Unspecified</truncated>
		<difficult>Unspecified</difficult>
		<bndbox>
			<xmin>1033</xmin>
			<ymin>1850</ymin>
			<xmax>1427</xmax>
			<ymax>2210</ymax>
		</bndbox>
	</object>
	<object>
		<name>ICS</name>
		<pose>Unspecified</pose>
		<truncated>Unspecified</truncated>
		<difficult>Unspecified</difficult>
		<bndbox>
			<xmin>1850</xmin>
			<ymin>1768</ymin>
			<xmax>2259</xmax>
			<ymax>2132</ymax>
		</bndbox>
	</object>
</annotation>