<annotation>
	<folder>my-project-name</folder>
	<filename>IMG_E8569.JPG</filename>
	<path>/my-project-name/IMG_E8569.JPG</path>
	<source>
		<database>Unspecified</database>
	</source>
	<size>
		<width>3024</width>
		<height>3024</height>
		<depth>3</depth>
	</size>
	<object>
		<name>ICS</name>
		<pose>Unspecified</pose>
		<truncated>Unspecified</truncated>
		<difficult>Unspecified</difficult>
		<bndbox>
			<xmin>1163</xmin>
			<ymin>1170</ymin>
			<xmax>1571</xmax>
			<ymax>1586</ymax>
		</bndbox>
	</object>
	<object>
		<name>Flip ICS</name>
		<pose>Unspecified</pose>
		<truncated>Unspecified</truncated>
		<difficult>Unspecified</difficult>
		<bndbox>
			<xmin>2463</xmin>
			<ymin>817</ymin>
			<xmax>2838</xmax>
			<ymax>1219</ymax>
		</bndbox>
	</object>
	<object>
		<name>ICS</name>
		<pose>Unspecified</pose>
		<truncated>Unspecified</truncated>
		<difficult>Unspecified</difficult>
		<bndbox>
			<xmin>2207</xmin>
			<ymin>1586</ymin>
			<xmax>2582</xmax>
			<ymax>1943</ymax>
		</bndbox>
	</object>
	<object>
		<name>ICS</name>
		<pose>Unspecified</pose>
		<truncated>Unspecified</truncated>
		<difficult>Unspecified</difficult>
		<bndbox>
			<xmin>1954</xmin>
			<ymin>2147</ymin>
			<xmax>2355</xmax>
			<ymax>2519</ymax>
		</bndbox>
	</object>
</annotation>