<annotation>
	<folder>my-project-name</folder>
	<filename>IMG_E8513.JPG</filename>
	<path>/my-project-name/IMG_E8513.JPG</path>
	<source>
		<database>Unspecified</database>
	</source>
	<size>
		<width>3024</width>
		<height>3024</height>
		<depth>3</depth>
	</size>
	<object>
		<name>ICS</name>
		<pose>Unspecified</pose>
		<truncated>Unspecified</truncated>
		<difficult>Unspecified</difficult>
		<bndbox>
			<xmin>1393</xmin>
			<ymin>676</ymin>
			<xmax>1731</xmax>
			<ymax>999</ymax>
		</bndbox>
	</object>
	<object>
		<name>ICS</name>
		<pose>Unspecified</pose>
		<truncated>Unspecified</truncated>
		<difficult>Unspecified</difficult>
		<bndbox>
			<xmin>2103</xmin>
			<ymin>1044</ymin>
			<xmax>2404</xmax>
			<ymax>1401</ymax>
		</bndbox>
	</object>
	<object>
		<name>ICS</name>
		<pose>Unspecified</pose>
		<truncated>Unspecified</truncated>
		<difficult>Unspecified</difficult>
		<bndbox>
			<xmin>2411</xmin>
			<ymin>1605</ymin>
			<xmax>2760</xmax>
			<ymax>1984</ymax>
		</bndbox>
	</object>
	<object>
		<name>ICS</name>
		<pose>Unspecified</pose>
		<truncated>Unspecified</truncated>
		<difficult>Unspecified</difficult>
		<bndbox>
			<xmin>1765</xmin>
			<ymin>1765</ymin>
			<xmax>2040</xmax>
			<ymax>2062</ymax>
		</bndbox>
	</object>
</annotation>