<annotation>
	<folder>my-project-name</folder>
	<filename>IMG_E8566.JPG</filename>
	<path>/my-project-name/IMG_E8566.JPG</path>
	<source>
		<database>Unspecified</database>
	</source>
	<size>
		<width>3024</width>
		<height>3024</height>
		<depth>3</depth>
	</size>
	<object>
		<name>ICS</name>
		<pose>Unspecified</pose>
		<truncated>Unspecified</truncated>
		<difficult>Unspecified</difficult>
		<bndbox>
			<xmin>2140</xmin>
			<ymin>535</ymin>
			<xmax>2552</xmax>
			<ymax>936</ymax>
		</bndbox>
	</object>
	<object>
		<name>ICS</name>
		<pose>Unspecified</pose>
		<truncated>Unspecified</truncated>
		<difficult>Unspecified</difficult>
		<bndbox>
			<xmin>1404</xmin>
			<ymin>1311</ymin>
			<xmax>1768</xmax>
			<ymax>1709</ymax>
		</bndbox>
	</object>
	<object>
		<name>ICS</name>
		<pose>Unspecified</pose>
		<truncated>Unspecified</truncated>
		<difficult>Unspecified</difficult>
		<bndbox>
			<xmin>1768</xmin>
			<ymin>1471</ymin>
			<xmax>2144</xmax>
			<ymax>1791</ymax>
		</bndbox>
	</object>
	<object>
		<name>ICS</name>
		<pose>Unspecified</pose>
		<truncated>Unspecified</truncated>
		<difficult>Unspecified</difficult>
		<bndbox>
			<xmin>1943</xmin>
			<ymin>1768</ymin>
			<xmax>2366</xmax>
			<ymax>2095</ymax>
		</bndbox>
	</object>
</annotation>