<annotation>
	<folder>my-project-name</folder>
	<filename>IMG_E8528.JPG</filename>
	<path>/my-project-name/IMG_E8528.JPG</path>
	<source>
		<database>Unspecified</database>
	</source>
	<size>
		<width>3024</width>
		<height>3024</height>
		<depth>3</depth>
	</size>
	<object>
		<name>ICS</name>
		<pose>Unspecified</pose>
		<truncated>Unspecified</truncated>
		<difficult>Unspecified</difficult>
		<bndbox>
			<xmin>1285</xmin>
			<ymin>999</ymin>
			<xmax>1649</xmax>
			<ymax>1360</ymax>
		</bndbox>
	</object>
	<object>
		<name>ICS</name>
		<pose>Unspecified</pose>
		<truncated>Unspecified</truncated>
		<difficult>Unspecified</difficult>
		<bndbox>
			<xmin>2121</xmin>
			<ymin>791</ymin>
			<xmax>2545</xmax>
			<ymax>1100</ymax>
		</bndbox>
	</object>
	<object>
		<name>ICS</name>
		<pose>Unspecified</pose>
		<truncated>Unspecified</truncated>
		<difficult>Unspecified</difficult>
		<bndbox>
			<xmin>1687</xmin>
			<ymin>1408</ymin>
			<xmax>2028</xmax>
			<ymax>1753</ymax>
		</bndbox>
	</object>
</annotation>