<annotation>
	<folder>my-project-name</folder>
	<filename>IMG_E8579.JPG</filename>
	<path>/my-project-name/IMG_E8579.JPG</path>
	<source>
		<database>Unspecified</database>
	</source>
	<size>
		<width>3024</width>
		<height>3024</height>
		<depth>3</depth>
	</size>
	<object>
		<name>Flip ICS</name>
		<pose>Unspecified</pose>
		<truncated>Unspecified</truncated>
		<difficult>Unspecified</difficult>
		<bndbox>
			<xmin>1623</xmin>
			<ymin>327</ymin>
			<xmax>2002</xmax>
			<ymax>713</ymax>
		</bndbox>
	</object>
	<object>
		<name>Flip ICS</name>
		<pose>Unspecified</pose>
		<truncated>Unspecified</truncated>
		<difficult>Unspecified</difficult>
		<bndbox>
			<xmin>1107</xmin>
			<ymin>1709</ymin>
			<xmax>1505</xmax>
			<ymax>2043</ymax>
		</bndbox>
	</object>
	<object>
		<name>Flip ICS</name>
		<pose>Unspecified</pose>
		<truncated>Unspecified</truncated>
		<difficult>Unspecified</difficult>
		<bndbox>
			<xmin>2508</xmin>
			<ymin>1430</ymin>
			<xmax>2872</xmax>
			<ymax>1765</ymax>
		</bndbox>
	</object>
	<object>
		<name>Flip ICS</name>
		<pose>Unspecified</pose>
		<truncated>Unspecified</truncated>
		<difficult>Unspecified</difficult>
		<bndbox>
			<xmin>1493</xmin>
			<ymin>2508</ymin>
			<xmax>1854</xmax>
			<ymax>2905</ymax>
		</bndbox>
	</object>
</annotation>