<annotation>
	<folder>my-project-name</folder>
	<filename>IMG_E8537.JPG</filename>
	<path>/my-project-name/IMG_E8537.JPG</path>
	<source>
		<database>Unspecified</database>
	</source>
	<size>
		<width>3024</width>
		<height>3024</height>
		<depth>3</depth>
	</size>
	<object>
		<name>Flip ICS</name>
		<pose>Unspecified</pose>
		<truncated>Unspecified</truncated>
		<difficult>Unspecified</difficult>
		<bndbox>
			<xmin>1675</xmin>
			<ymin>405</ymin>
			<xmax>2047</xmax>
			<ymax>799</ymax>
		</bndbox>
	</object>
	<object>
		<name>Flip ICS</name>
		<pose>Unspecified</pose>
		<truncated>Unspecified</truncated>
		<difficult>Unspecified</difficult>
		<bndbox>
			<xmin>2504</xmin>
			<ymin>747</ymin>
			<xmax>2827</xmax>
			<ymax>1114</ymax>
		</bndbox>
	</object>
	<object>
		<name>Flip ICS</name>
		<pose>Unspecified</pose>
		<truncated>Unspecified</truncated>
		<difficult>Unspecified</difficult>
		<bndbox>
			<xmin>1902</xmin>
			<ymin>1259</ymin>
			<xmax>2296</xmax>
			<ymax>1568</ymax>
		</bndbox>
	</object>
</annotation>