<annotation>
	<folder>my-project-name</folder>
	<filename>IMG_E8575.JPG</filename>
	<path>/my-project-name/IMG_E8575.JPG</path>
	<source>
		<database>Unspecified</database>
	</source>
	<size>
		<width>3024</width>
		<height>3024</height>
		<depth>3</depth>
	</size>
	<object>
		<name>ICS</name>
		<pose>Unspecified</pose>
		<truncated>Unspecified</truncated>
		<difficult>Unspecified</difficult>
		<bndbox>
			<xmin>1297</xmin>
			<ymin>1259</ymin>
			<xmax>1698</xmax>
			<ymax>1649</ymax>
		</bndbox>
	</object>
	<object>
		<name>ICS</name>
		<pose>Unspecified</pose>
		<truncated>Unspecified</truncated>
		<difficult>Unspecified</difficult>
		<bndbox>
			<xmin>1713</xmin>
			<ymin>624</ymin>
			<xmax>2140</xmax>
			<ymax>955</ymax>
		</bndbox>
	</object>
	<object>
		<name>Flip ICS</name>
		<pose>Unspecified</pose>
		<truncated>Unspecified</truncated>
		<difficult>Unspecified</difficult>
		<bndbox>
			<xmin>2248</xmin>
			<ymin>557</ymin>
			<xmax>2667</xmax>
			<ymax>984</ymax>
		</bndbox>
	</object>
	<object>
		<name>Flip ICS</name>
		<pose>Unspecified</pose>
		<truncated>Unspecified</truncated>
		<difficult>Unspecified</difficult>
		<bndbox>
			<xmin>1560</xmin>
			<ymin>1545</ymin>
			<xmax>1965</xmax>
			<ymax>1917</ymax>
		</bndbox>
	</object>
</annotation>