<annotation>
	<folder>my-project-name</folder>
	<filename>IMG_E8550.JPG</filename>
	<path>/my-project-name/IMG_E8550.JPG</path>
	<source>
		<database>Unspecified</database>
	</source>
	<size>
		<width>3024</width>
		<height>3024</height>
		<depth>3</depth>
	</size>
	<object>
		<name>ICS</name>
		<pose>Unspecified</pose>
		<truncated>Unspecified</truncated>
		<difficult>Unspecified</difficult>
		<bndbox>
			<xmin>535</xmin>
			<ymin>762</ymin>
			<xmax>918</xmax>
			<ymax>1144</ymax>
		</bndbox>
	</object>
	<object>
		<name>ICS</name>
		<pose>Unspecified</pose>
		<truncated>Unspecified</truncated>
		<difficult>Unspecified</difficult>
		<bndbox>
			<xmin>1126</xmin>
			<ymin>754</ymin>
			<xmax>1460</xmax>
			<ymax>1148</ymax>
		</bndbox>
	</object>
	<object>
		<name>ICS</name>
		<pose>Unspecified</pose>
		<truncated>Unspecified</truncated>
		<difficult>Unspecified</difficult>
		<bndbox>
			<xmin>1174</xmin>
			<ymin>1371</ymin>
			<xmax>1534</xmax>
			<ymax>1739</ymax>
		</bndbox>
	</object>
</annotation>