<annotation>
	<folder>my-project-name</folder>
	<filename>IMG_E8547.JPG</filename>
	<path>/my-project-name/IMG_E8547.JPG</path>
	<source>
		<database>Unspecified</database>
	</source>
	<size>
		<width>3024</width>
		<height>3024</height>
		<depth>3</depth>
	</size>
	<object>
		<name>ICS</name>
		<pose>Unspecified</pose>
		<truncated>Unspecified</truncated>
		<difficult>Unspecified</difficult>
		<bndbox>
			<xmin>1742</xmin>
			<ymin>802</ymin>
			<xmax>2066</xmax>
			<ymax>1129</ymax>
		</bndbox>
	</object>
	<object>
		<name>Flip ICS</name>
		<pose>Unspecified</pose>
		<truncated>Unspecified</truncated>
		<difficult>Unspecified</difficult>
		<bndbox>
			<xmin>2021</xmin>
			<ymin>1880</ymin>
			<xmax>2418</xmax>
			<ymax>2214</ymax>
		</bndbox>
	</object>
</annotation>