<annotation>
	<folder>my-project-name</folder>
	<filename>IMG_E8520.JPG</filename>
	<path>/my-project-name/IMG_E8520.JPG</path>
	<source>
		<database>Unspecified</database>
	</source>
	<size>
		<width>3024</width>
		<height>3024</height>
		<depth>3</depth>
	</size>
	<object>
		<name>Flip ICS</name>
		<pose>Unspecified</pose>
		<truncated>Unspecified</truncated>
		<difficult>Unspecified</difficult>
		<bndbox>
			<xmin>2114</xmin>
			<ymin>338</ymin>
			<xmax>2456</xmax>
			<ymax>676</ymax>
		</bndbox>
	</object>
	<object>
		<name>Flip ICS</name>
		<pose>Unspecified</pose>
		<truncated>Unspecified</truncated>
		<difficult>Unspecified</difficult>
		<bndbox>
			<xmin>1467</xmin>
			<ymin>468</ymin>
			<xmax>1765</xmax>
			<ymax>828</ymax>
		</bndbox>
	</object>
	<object>
		<name>ICS</name>
		<pose>Unspecified</pose>
		<truncated>Unspecified</truncated>
		<difficult>Unspecified</difficult>
		<bndbox>
			<xmin>1568</xmin>
			<ymin>773</ymin>
			<xmax>1921</xmax>
			<ymax>1111</ymax>
		</bndbox>
	</object>
	<object>
		<name>ICS</name>
		<pose>Unspecified</pose>
		<truncated>Unspecified</truncated>
		<difficult>Unspecified</difficult>
		<bndbox>
			<xmin>895</xmin>
			<ymin>728</ymin>
			<xmax>1259</xmax>
			<ymax>1133</ymax>
		</bndbox>
	</object>
	<object>
		<name>ICS</name>
		<pose>Unspecified</pose>
		<truncated>Unspecified</truncated>
		<difficult>Unspecified</difficult>
		<bndbox>
			<xmin>1233</xmin>
			<ymin>940</ymin>
			<xmax>1560</xmax>
			<ymax>1308</ymax>
		</bndbox>
	</object>
	<object>
		<name>ICS</name>
		<pose>Unspecified</pose>
		<truncated>Unspecified</truncated>
		<difficult>Unspecified</difficult>
		<bndbox>
			<xmin>1883</xmin>
			<ymin>1018</ymin>
			<xmax>2233</xmax>
			<ymax>1423</ymax>
		</bndbox>
	</object>
	<object>
		<name>ICS</name>
		<pose>Unspecified</pose>
		<truncated>Unspecified</truncated>
		<difficult>Unspecified</difficult>
		<bndbox>
			<xmin>2352</xmin>
			<ymin>1545</ymin>
			<xmax>2738</xmax>
			<ymax>1939</ymax>
		</bndbox>
	</object>
	<object>
		<name>Flip ICS</name>
		<pose>Unspecified</pose>
		<truncated>Unspecified</truncated>
		<difficult>Unspecified</difficult>
		<bndbox>
			<xmin>1846</xmin>
			<ymin>1523</ymin>
			<xmax>2199</xmax>
			<ymax>1846</ymax>
		</bndbox>
	</object>
	<object>
		<name>ICS</name>
		<pose>Unspecified</pose>
		<truncated>Unspecified</truncated>
		<difficult>Unspecified</difficult>
		<bndbox>
			<xmin>1705</xmin>
			<ymin>1731</ymin>
			<xmax>1984</xmax>
			<ymax>2062</ymax>
		</bndbox>
	</object>
	<object>
		<name>ICS</name>
		<pose>Unspecified</pose>
		<truncated>Unspecified</truncated>
		<difficult>Unspecified</difficult>
		<bndbox>
			<xmin>1690</xmin>
			<ymin>2047</ymin>
			<xmax>2043</xmax>
			<ymax>2389</ymax>
		</bndbox>
	</object>
	<object>
		<name>ICS</name>
		<pose>Unspecified</pose>
		<truncated>Unspecified</truncated>
		<difficult>Unspecified</difficult>
		<bndbox>
			<xmin>947</xmin>
			<ymin>1471</ymin>
			<xmax>1367</xmax>
			<ymax>1831</ymax>
		</bndbox>
	</object>
</annotation>