<annotation>
	<folder>my-project-name</folder>
	<filename>IMG_E8522.JPG</filename>
	<path>/my-project-name/IMG_E8522.JPG</path>
	<source>
		<database>Unspecified</database>
	</source>
	<size>
		<width>3024</width>
		<height>3024</height>
		<depth>3</depth>
	</size>
	<object>
		<name>ICS</name>
		<pose>Unspecified</pose>
		<truncated>Unspecified</truncated>
		<difficult>Unspecified</difficult>
		<bndbox>
			<xmin>2281</xmin>
			<ymin>379</ymin>
			<xmax>2578</xmax>
			<ymax>814</ymax>
		</bndbox>
	</object>
	<object>
		<name>ICS</name>
		<pose>Unspecified</pose>
		<truncated>Unspecified</truncated>
		<difficult>Unspecified</difficult>
		<bndbox>
			<xmin>2589</xmin>
			<ymin>327</ymin>
			<xmax>2920</xmax>
			<ymax>639</ymax>
		</bndbox>
	</object>
	<object>
		<name>Flip ICS</name>
		<pose>Unspecified</pose>
		<truncated>Unspecified</truncated>
		<difficult>Unspecified</difficult>
		<bndbox>
			<xmin>2463</xmin>
			<ymin>1211</ymin>
			<xmax>2838</xmax>
			<ymax>1560</ymax>
		</bndbox>
	</object>
	<object>
		<name>Flip ICS</name>
		<pose>Unspecified</pose>
		<truncated>Unspecified</truncated>
		<difficult>Unspecified</difficult>
		<bndbox>
			<xmin>1820</xmin>
			<ymin>1152</ymin>
			<xmax>2121</xmax>
			<ymax>1497</ymax>
		</bndbox>
	</object>
	<object>
		<name>ICS</name>
		<pose>Unspecified</pose>
		<truncated>Unspecified</truncated>
		<difficult>Unspecified</difficult>
		<bndbox>
			<xmin>1189</xmin>
			<ymin>1285</ymin>
			<xmax>1557</xmax>
			<ymax>1597</ymax>
		</bndbox>
	</object>
	<object>
		<name>ICS</name>
		<pose>Unspecified</pose>
		<truncated>Unspecified</truncated>
		<difficult>Unspecified</difficult>
		<bndbox>
			<xmin>1464</xmin>
			<ymin>1564</ymin>
			<xmax>1828</xmax>
			<ymax>1883</ymax>
		</bndbox>
	</object>
	<object>
		<name>ICS</name>
		<pose>Unspecified</pose>
		<truncated>Unspecified</truncated>
		<difficult>Unspecified</difficult>
		<bndbox>
			<xmin>1857</xmin>
			<ymin>1464</ymin>
			<xmax>2177</xmax>
			<ymax>1809</ymax>
		</bndbox>
	</object>
	<object>
		<name>ICS</name>
		<pose>Unspecified</pose>
		<truncated>Unspecified</truncated>
		<difficult>Unspecified</difficult>
		<bndbox>
			<xmin>2047</xmin>
			<ymin>1794</ymin>
			<xmax>2430</xmax>
			<ymax>2144</ymax>
		</bndbox>
	</object>
	<object>
		<name>ICS</name>
		<pose>Unspecified</pose>
		<truncated>Unspecified</truncated>
		<difficult>Unspecified</difficult>
		<bndbox>
			<xmin>1070</xmin>
			<ymin>1988</ymin>
			<xmax>1441</xmax>
			<ymax>2326</ymax>
		</bndbox>
	</object>
	<object>
		<name>ICS</name>
		<pose>Unspecified</pose>
		<truncated>Unspecified</truncated>
		<difficult>Unspecified</difficult>
		<bndbox>
			<xmin>1802</xmin>
			<ymin>2511</ymin>
			<xmax>2151</xmax>
			<ymax>2879</ymax>
		</bndbox>
	</object>
	<object>
		<name>Flip ICS</name>
		<pose>Unspecified</pose>
		<truncated>Unspecified</truncated>
		<difficult>Unspecified</difficult>
		<bndbox>
			<xmin>2415</xmin>
			<ymin>2192</ymin>
			<xmax>2768</xmax>
			<ymax>2456</ymax>
		</bndbox>
	</object>
	<object>
		<name>ICS</name>
		<pose>Unspecified</pose>
		<truncated>Unspecified</truncated>
		<difficult>Unspecified</difficult>
		<bndbox>
			<xmin>2340</xmin>
			<ymin>2482</ymin>
			<xmax>2794</xmax>
			<ymax>2838</ymax>
		</bndbox>
	</object>
</annotation>