<annotation>
	<folder>my-project-name</folder>
	<filename>IMG_E8524.JPG</filename>
	<path>/my-project-name/IMG_E8524.JPG</path>
	<source>
		<database>Unspecified</database>
	</source>
	<size>
		<width>3024</width>
		<height>3024</height>
		<depth>3</depth>
	</size>
	<object>
		<name>ICS</name>
		<pose>Unspecified</pose>
		<truncated>Unspecified</truncated>
		<difficult>Unspecified</difficult>
		<bndbox>
			<xmin>1742</xmin>
			<ymin>45</ymin>
			<xmax>2144</xmax>
			<ymax>431</ymax>
		</bndbox>
	</object>
	<object>
		<name>ICS</name>
		<pose>Unspecified</pose>
		<truncated>Unspecified</truncated>
		<difficult>Unspecified</difficult>
		<bndbox>
			<xmin>1464</xmin>
			<ymin>435</ymin>
			<xmax>1835</xmax>
			<ymax>791</ymax>
		</bndbox>
	</object>
	<object>
		<name>Flip ICS</name>
		<pose>Unspecified</pose>
		<truncated>Unspecified</truncated>
		<difficult>Unspecified</difficult>
		<bndbox>
			<xmin>2322</xmin>
			<ymin>591</ymin>
			<xmax>2693</xmax>
			<ymax>910</ymax>
		</bndbox>
	</object>
	<object>
		<name>Flip ICS</name>
		<pose>Unspecified</pose>
		<truncated>Unspecified</truncated>
		<difficult>Unspecified</difficult>
		<bndbox>
			<xmin>1181</xmin>
			<ymin>962</ymin>
			<xmax>1508</xmax>
			<ymax>1334</ymax>
		</bndbox>
	</object>
	<object>
		<name>Flip ICS</name>
		<pose>Unspecified</pose>
		<truncated>Unspecified</truncated>
		<difficult>Unspecified</difficult>
		<bndbox>
			<xmin>1538</xmin>
			<ymin>854</ymin>
			<xmax>1857</xmax>
			<ymax>1159</ymax>
		</bndbox>
	</object>
	<object>
		<name>Flip ICS</name>
		<pose>Unspecified</pose>
		<truncated>Unspecified</truncated>
		<difficult>Unspecified</difficult>
		<bndbox>
			<xmin>2222</xmin>
			<ymin>947</ymin>
			<xmax>2582</xmax>
			<ymax>1289</ymax>
		</bndbox>
	</object>
	<object>
		<name>Flip ICS</name>
		<pose>Unspecified</pose>
		<truncated>Unspecified</truncated>
		<difficult>Unspecified</difficult>
		<bndbox>
			<xmin>2025</xmin>
			<ymin>1259</ymin>
			<xmax>2329</xmax>
			<ymax>1557</ymax>
		</bndbox>
	</object>
	<object>
		<name>ICS</name>
		<pose>Unspecified</pose>
		<truncated>Unspecified</truncated>
		<difficult>Unspecified</difficult>
		<bndbox>
			<xmin>2653</xmin>
			<ymin>1467</ymin>
			<xmax>2994</xmax>
			<ymax>1813</ymax>
		</bndbox>
	</object>
	<object>
		<name>Flip ICS</name>
		<pose>Unspecified</pose>
		<truncated>Unspecified</truncated>
		<difficult>Unspecified</difficult>
		<bndbox>
			<xmin>2300</xmin>
			<ymin>1642</ymin>
			<xmax>2664</xmax>
			<ymax>1999</ymax>
		</bndbox>
	</object>
	<object>
		<name>ICS</name>
		<pose>Unspecified</pose>
		<truncated>Unspecified</truncated>
		<difficult>Unspecified</difficult>
		<bndbox>
			<xmin>609</xmin>
			<ymin>1241</ymin>
			<xmax>996</xmax>
			<ymax>1631</ymax>
		</bndbox>
	</object>
	<object>
		<name>ICS</name>
		<pose>Unspecified</pose>
		<truncated>Unspecified</truncated>
		<difficult>Unspecified</difficult>
		<bndbox>
			<xmin>1111</xmin>
			<ymin>1412</ymin>
			<xmax>1505</xmax>
			<ymax>1753</ymax>
		</bndbox>
	</object>
	<object>
		<name>Flip ICS</name>
		<pose>Unspecified</pose>
		<truncated>Unspecified</truncated>
		<difficult>Unspecified</difficult>
		<bndbox>
			<xmin>1534</xmin>
			<ymin>1583</ymin>
			<xmax>1817</xmax>
			<ymax>1924</ymax>
		</bndbox>
	</object>
	<object>
		<name>ICS</name>
		<pose>Unspecified</pose>
		<truncated>Unspecified</truncated>
		<difficult>Unspecified</difficult>
		<bndbox>
			<xmin>1932</xmin>
			<ymin>1713</ymin>
			<xmax>2262</xmax>
			<ymax>2062</ymax>
		</bndbox>
	</object>
	<object>
		<name>Flip ICS</name>
		<pose>Unspecified</pose>
		<truncated>Unspecified</truncated>
		<difficult>Unspecified</difficult>
		<bndbox>
			<xmin>2288</xmin>
			<ymin>2114</ymin>
			<xmax>2653</xmax>
			<ymax>2493</ymax>
		</bndbox>
	</object>
	<object>
		<name>ICS</name>
		<pose>Unspecified</pose>
		<truncated>Unspecified</truncated>
		<difficult>Unspecified</difficult>
		<bndbox>
			<xmin>2025</xmin>
			<ymin>2582</ymin>
			<xmax>2411</xmax>
			<ymax>2998</ymax>
		</bndbox>
	</object>
</annotation>