<annotation>
	<folder>my-project-name</folder>
	<filename>IMG_E8582.JPG</filename>
	<path>/my-project-name/IMG_E8582.JPG</path>
	<source>
		<database>Unspecified</database>
	</source>
	<size>
		<width>3024</width>
		<height>3024</height>
		<depth>3</depth>
	</size>
	<object>
		<name>Flip ICS</name>
		<pose>Unspecified</pose>
		<truncated>Unspecified</truncated>
		<difficult>Unspecified</difficult>
		<bndbox>
			<xmin>1363</xmin>
			<ymin>828</ymin>
			<xmax>1787</xmax>
			<ymax>1193</ymax>
		</bndbox>
	</object>
	<object>
		<name>Flip ICS</name>
		<pose>Unspecified</pose>
		<truncated>Unspecified</truncated>
		<difficult>Unspecified</difficult>
		<bndbox>
			<xmin>1776</xmin>
			<ymin>1497</ymin>
			<xmax>2155</xmax>
			<ymax>1876</ymax>
		</bndbox>
	</object>
	<object>
		<name>Flip ICS</name>
		<pose>Unspecified</pose>
		<truncated>Unspecified</truncated>
		<difficult>Unspecified</difficult>
		<bndbox>
			<xmin>2218</xmin>
			<ymin>1653</ymin>
			<xmax>2563</xmax>
			<ymax>2002</ymax>
		</bndbox>
	</object>
	<object>
		<name>Flip ICS</name>
		<pose>Unspecified</pose>
		<truncated>Unspecified</truncated>
		<difficult>Unspecified</difficult>
		<bndbox>
			<xmin>1074</xmin>
			<ymin>1534</ymin>
			<xmax>1490</xmax>
			<ymax>1924</ymax>
		</bndbox>
	</object>
</annotation>