<annotation>
	<folder>my-project-name</folder>
	<filename>IMG_E8551.JPG</filename>
	<path>/my-project-name/IMG_E8551.JPG</path>
	<source>
		<database>Unspecified</database>
	</source>
	<size>
		<width>3024</width>
		<height>3024</height>
		<depth>3</depth>
	</size>
	<object>
		<name>ICS</name>
		<pose>Unspecified</pose>
		<truncated>Unspecified</truncated>
		<difficult>Unspecified</difficult>
		<bndbox>
			<xmin>1438</xmin>
			<ymin>892</ymin>
			<xmax>1765</xmax>
			<ymax>1226</ymax>
		</bndbox>
	</object>
	<object>
		<name>ICS</name>
		<pose>Unspecified</pose>
		<truncated>Unspecified</truncated>
		<difficult>Unspecified</difficult>
		<bndbox>
			<xmin>973</xmin>
			<ymin>1007</ymin>
			<xmax>1293</xmax>
			<ymax>1419</ymax>
		</bndbox>
	</object>
	<object>
		<name>ICS</name>
		<pose>Unspecified</pose>
		<truncated>Unspecified</truncated>
		<difficult>Unspecified</difficult>
		<bndbox>
			<xmin>1271</xmin>
			<ymin>1248</ymin>
			<xmax>1620</xmax>
			<ymax>1635</ymax>
		</bndbox>
	</object>
</annotation>