<annotation>
	<folder>my-project-name</folder>
	<filename>IMG_E8515.JPG</filename>
	<path>/my-project-name/IMG_E8515.JPG</path>
	<source>
		<database>Unspecified</database>
	</source>
	<size>
		<width>3024</width>
		<height>3024</height>
		<depth>3</depth>
	</size>
	<object>
		<name>ICS</name>
		<pose>Unspecified</pose>
		<truncated>Unspecified</truncated>
		<difficult>Unspecified</difficult>
		<bndbox>
			<xmin>665</xmin>
			<ymin>947</ymin>
			<xmax>1044</xmax>
			<ymax>1278</ymax>
		</bndbox>
	</object>
	<object>
		<name>ICS</name>
		<pose>Unspecified</pose>
		<truncated>Unspecified</truncated>
		<difficult>Unspecified</difficult>
		<bndbox>
			<xmin>1453</xmin>
			<ymin>1100</ymin>
			<xmax>1805</xmax>
			<ymax>1404</ymax>
		</bndbox>
	</object>
	<object>
		<name>ICS</name>
		<pose>Unspecified</pose>
		<truncated>Unspecified</truncated>
		<difficult>Unspecified</difficult>
		<bndbox>
			<xmin>2322</xmin>
			<ymin>1293</ymin>
			<xmax>2667</xmax>
			<ymax>1687</ymax>
		</bndbox>
	</object>
	<object>
		<name>ICS</name>
		<pose>Unspecified</pose>
		<truncated>Unspecified</truncated>
		<difficult>Unspecified</difficult>
		<bndbox>
			<xmin>1204</xmin>
			<ymin>1846</ymin>
			<xmax>1605</xmax>
			<ymax>2218</ymax>
		</bndbox>
	</object>
</annotation>