<annotation>
	<folder>my-project-name</folder>
	<filename>IMG_E8539.JPG</filename>
	<path>/my-project-name/IMG_E8539.JPG</path>
	<source>
		<database>Unspecified</database>
	</source>
	<size>
		<width>3024</width>
		<height>3024</height>
		<depth>3</depth>
	</size>
	<object>
		<name>Flip ICS</name>
		<pose>Unspecified</pose>
		<truncated>Unspecified</truncated>
		<difficult>Unspecified</difficult>
		<bndbox>
			<xmin>1055</xmin>
			<ymin>1352</ymin>
			<xmax>1386</xmax>
			<ymax>1683</ymax>
		</bndbox>
	</object>
	<object>
		<name>Flip ICS</name>
		<pose>Unspecified</pose>
		<truncated>Unspecified</truncated>
		<difficult>Unspecified</difficult>
		<bndbox>
			<xmin>1947</xmin>
			<ymin>1360</ymin>
			<xmax>2318</xmax>
			<ymax>1657</ymax>
		</bndbox>
	</object>
</annotation>