<annotation>
	<folder>my-project-name</folder>
	<filename>IMG_E8532.JPG</filename>
	<path>/my-project-name/IMG_E8532.JPG</path>
	<source>
		<database>Unspecified</database>
	</source>
	<size>
		<width>3024</width>
		<height>3024</height>
		<depth>3</depth>
	</size>
	<object>
		<name>Flip ICS</name>
		<pose>Unspecified</pose>
		<truncated>Unspecified</truncated>
		<difficult>Unspecified</difficult>
		<bndbox>
			<xmin>1939</xmin>
			<ymin>1178</ymin>
			<xmax>2348</xmax>
			<ymax>1549</ymax>
		</bndbox>
	</object>
	<object>
		<name>Flip ICS</name>
		<pose>Unspecified</pose>
		<truncated>Unspecified</truncated>
		<difficult>Unspecified</difficult>
		<bndbox>
			<xmin>1835</xmin>
			<ymin>2040</ymin>
			<xmax>2222</xmax>
			<ymax>2418</ymax>
		</bndbox>
	</object>
	<object>
		<name>Flip ICS</name>
		<pose>Unspecified</pose>
		<truncated>Unspecified</truncated>
		<difficult>Unspecified</difficult>
		<bndbox>
			<xmin>1245</xmin>
			<ymin>1594</ymin>
			<xmax>1635</xmax>
			<ymax>1943</ymax>
		</bndbox>
	</object>
</annotation>