<annotation>
	<folder>my-project-name</folder>
	<filename>IMG_E8559.JPG</filename>
	<path>/my-project-name/IMG_E8559.JPG</path>
	<source>
		<database>Unspecified</database>
	</source>
	<size>
		<width>3024</width>
		<height>3024</height>
		<depth>3</depth>
	</size>
	<object>
		<name>ICS</name>
		<pose>Unspecified</pose>
		<truncated>Unspecified</truncated>
		<difficult>Unspecified</difficult>
		<bndbox>
			<xmin>1352</xmin>
			<ymin>1118</ymin>
			<xmax>1720</xmax>
			<ymax>1493</ymax>
		</bndbox>
	</object>
	<object>
		<name>Flip ICS</name>
		<pose>Unspecified</pose>
		<truncated>Unspecified</truncated>
		<difficult>Unspecified</difficult>
		<bndbox>
			<xmin>2322</xmin>
			<ymin>119</ymin>
			<xmax>2630</xmax>
			<ymax>502</ymax>
		</bndbox>
	</object>
	<object>
		<name>ICS</name>
		<pose>Unspecified</pose>
		<truncated>Unspecified</truncated>
		<difficult>Unspecified</difficult>
		<bndbox>
			<xmin>2456</xmin>
			<ymin>1311</ymin>
			<xmax>2801</xmax>
			<ymax>1642</ymax>
		</bndbox>
	</object>
</annotation>