<annotation>
	<folder>my-project-name</folder>
	<filename>IMG_E8517.JPG</filename>
	<path>/my-project-name/IMG_E8517.JPG</path>
	<source>
		<database>Unspecified</database>
	</source>
	<size>
		<width>3024</width>
		<height>3024</height>
		<depth>3</depth>
	</size>
	<object>
		<name>ICS</name>
		<pose>Unspecified</pose>
		<truncated>Unspecified</truncated>
		<difficult>Unspecified</difficult>
		<bndbox>
			<xmin>1501</xmin>
			<ymin>345</ymin>
			<xmax>1843</xmax>
			<ymax>743</ymax>
		</bndbox>
	</object>
	<object>
		<name>ICS</name>
		<pose>Unspecified</pose>
		<truncated>Unspecified</truncated>
		<difficult>Unspecified</difficult>
		<bndbox>
			<xmin>1456</xmin>
			<ymin>944</ymin>
			<xmax>1735</xmax>
			<ymax>1271</ymax>
		</bndbox>
	</object>
	<object>
		<name>ICS</name>
		<pose>Unspecified</pose>
		<truncated>Unspecified</truncated>
		<difficult>Unspecified</difficult>
		<bndbox>
			<xmin>2274</xmin>
			<ymin>1174</ymin>
			<xmax>2638</xmax>
			<ymax>1564</ymax>
		</bndbox>
	</object>
	<object>
		<name>ICS</name>
		<pose>Unspecified</pose>
		<truncated>Unspecified</truncated>
		<difficult>Unspecified</difficult>
		<bndbox>
			<xmin>1705</xmin>
			<ymin>1813</ymin>
			<xmax>1980</xmax>
			<ymax>2158</ymax>
		</bndbox>
	</object>
	<object>
		<name>ICS</name>
		<pose>Unspecified</pose>
		<truncated>Unspecified</truncated>
		<difficult>Unspecified</difficult>
		<bndbox>
			<xmin>2166</xmin>
			<ymin>1887</ymin>
			<xmax>2563</xmax>
			<ymax>2262</ymax>
		</bndbox>
	</object>
	<object>
		<name>ICS</name>
		<pose>Unspecified</pose>
		<truncated>Unspecified</truncated>
		<difficult>Unspecified</difficult>
		<bndbox>
			<xmin>1070</xmin>
			<ymin>1204</ymin>
			<xmax>1349</xmax>
			<ymax>1586</ymax>
		</bndbox>
	</object>
	<object>
		<name>Flip ICS</name>
		<pose>Unspecified</pose>
		<truncated>Unspecified</truncated>
		<difficult>Unspecified</difficult>
		<bndbox>
			<xmin>2021</xmin>
			<ymin>724</ymin>
			<xmax>2340</xmax>
			<ymax>992</ymax>
		</bndbox>
	</object>
</annotation>