<annotation>
	<folder>my-project-name</folder>
	<filename>IMG_E8525.JPG</filename>
	<path>/my-project-name/IMG_E8525.JPG</path>
	<source>
		<database>Unspecified</database>
	</source>
	<size>
		<width>3024</width>
		<height>3024</height>
		<depth>3</depth>
	</size>
	<object>
		<name>ICS</name>
		<pose>Unspecified</pose>
		<truncated>Unspecified</truncated>
		<difficult>Unspecified</difficult>
		<bndbox>
			<xmin>1144</xmin>
			<ymin>78</ymin>
			<xmax>1519</xmax>
			<ymax>394</ymax>
		</bndbox>
	</object>
	<object>
		<name>Flip ICS</name>
		<pose>Unspecified</pose>
		<truncated>Unspecified</truncated>
		<difficult>Unspecified</difficult>
		<bndbox>
			<xmin>2002</xmin>
			<ymin>37</ymin>
			<xmax>2374</xmax>
			<ymax>394</ymax>
		</bndbox>
	</object>
	<object>
		<name>Flip ICS</name>
		<pose>Unspecified</pose>
		<truncated>Unspecified</truncated>
		<difficult>Unspecified</difficult>
		<bndbox>
			<xmin>1271</xmin>
			<ymin>438</ymin>
			<xmax>1627</xmax>
			<ymax>762</ymax>
		</bndbox>
	</object>
	<object>
		<name>Flip ICS</name>
		<pose>Unspecified</pose>
		<truncated>Unspecified</truncated>
		<difficult>Unspecified</difficult>
		<bndbox>
			<xmin>1958</xmin>
			<ymin>416</ymin>
			<xmax>2337</xmax>
			<ymax>747</ymax>
		</bndbox>
	</object>
	<object>
		<name>Flip ICS</name>
		<pose>Unspecified</pose>
		<truncated>Unspecified</truncated>
		<difficult>Unspecified</difficult>
		<bndbox>
			<xmin>962</xmin>
			<ymin>576</ymin>
			<xmax>1282</xmax>
			<ymax>973</ymax>
		</bndbox>
	</object>
	<object>
		<name>ICS</name>
		<pose>Unspecified</pose>
		<truncated>Unspecified</truncated>
		<difficult>Unspecified</difficult>
		<bndbox>
			<xmin>2485</xmin>
			<ymin>851</ymin>
			<xmax>2835</xmax>
			<ymax>1181</ymax>
		</bndbox>
	</object>
	<object>
		<name>Flip ICS</name>
		<pose>Unspecified</pose>
		<truncated>Unspecified</truncated>
		<difficult>Unspecified</difficult>
		<bndbox>
			<xmin>2162</xmin>
			<ymin>1096</ymin>
			<xmax>2500</xmax>
			<ymax>1456</ymax>
		</bndbox>
	</object>
	<object>
		<name>Flip ICS</name>
		<pose>Unspecified</pose>
		<truncated>Unspecified</truncated>
		<difficult>Unspecified</difficult>
		<bndbox>
			<xmin>1813</xmin>
			<ymin>780</ymin>
			<xmax>2147</xmax>
			<ymax>1059</ymax>
		</bndbox>
	</object>
	<object>
		<name>ICS</name>
		<pose>Unspecified</pose>
		<truncated>Unspecified</truncated>
		<difficult>Unspecified</difficult>
		<bndbox>
			<xmin>992</xmin>
			<ymin>1081</ymin>
			<xmax>1315</xmax>
			<ymax>1389</ymax>
		</bndbox>
	</object>
	<object>
		<name>ICS</name>
		<pose>Unspecified</pose>
		<truncated>Unspecified</truncated>
		<difficult>Unspecified</difficult>
		<bndbox>
			<xmin>472</xmin>
			<ymin>1025</ymin>
			<xmax>854</xmax>
			<ymax>1423</ymax>
		</bndbox>
	</object>
	<object>
		<name>ICS</name>
		<pose>Unspecified</pose>
		<truncated>Unspecified</truncated>
		<difficult>Unspecified</difficult>
		<bndbox>
			<xmin>892</xmin>
			<ymin>1705</ymin>
			<xmax>1308</xmax>
			<ymax>2084</ymax>
		</bndbox>
	</object>
	<object>
		<name>Flip ICS</name>
		<pose>Unspecified</pose>
		<truncated>Unspecified</truncated>
		<difficult>Unspecified</difficult>
		<bndbox>
			<xmin>1404</xmin>
			<ymin>1189</ymin>
			<xmax>1705</xmax>
			<ymax>1534</ymax>
		</bndbox>
	</object>
	<object>
		<name>ICS</name>
		<pose>Unspecified</pose>
		<truncated>Unspecified</truncated>
		<difficult>Unspecified</difficult>
		<bndbox>
			<xmin>1865</xmin>
			<ymin>1245</ymin>
			<xmax>2129</xmax>
			<ymax>1575</ymax>
		</bndbox>
	</object>
	<object>
		<name>Flip ICS</name>
		<pose>Unspecified</pose>
		<truncated>Unspecified</truncated>
		<difficult>Unspecified</difficult>
		<bndbox>
			<xmin>2225</xmin>
			<ymin>1545</ymin>
			<xmax>2567</xmax>
			<ymax>1910</ymax>
		</bndbox>
	</object>
	<object>
		<name>ICS</name>
		<pose>Unspecified</pose>
		<truncated>Unspecified</truncated>
		<difficult>Unspecified</difficult>
		<bndbox>
			<xmin>2080</xmin>
			<ymin>2077</ymin>
			<xmax>2463</xmax>
			<ymax>2470</ymax>
		</bndbox>
	</object>
</annotation>