<annotation>
	<folder>my-project-name</folder>
	<filename>IMG_E8568.JPG</filename>
	<path>/my-project-name/IMG_E8568.JPG</path>
	<source>
		<database>Unspecified</database>
	</source>
	<size>
		<width>3024</width>
		<height>3024</height>
		<depth>3</depth>
	</size>
	<object>
		<name>ICS</name>
		<pose>Unspecified</pose>
		<truncated>Unspecified</truncated>
		<difficult>Unspecified</difficult>
		<bndbox>
			<xmin>977</xmin>
			<ymin>1349</ymin>
			<xmax>1386</xmax>
			<ymax>1735</ymax>
		</bndbox>
	</object>
	<object>
		<name>ICS</name>
		<pose>Unspecified</pose>
		<truncated>Unspecified</truncated>
		<difficult>Unspecified</difficult>
		<bndbox>
			<xmin>2355</xmin>
			<ymin>721</ymin>
			<xmax>2757</xmax>
			<ymax>1077</ymax>
		</bndbox>
	</object>
	<object>
		<name>ICS</name>
		<pose>Unspecified</pose>
		<truncated>Unspecified</truncated>
		<difficult>Unspecified</difficult>
		<bndbox>
			<xmin>2459</xmin>
			<ymin>1467</ymin>
			<xmax>2820</xmax>
			<ymax>1850</ymax>
		</bndbox>
	</object>
	<object>
		<name>ICS</name>
		<pose>Unspecified</pose>
		<truncated>Unspecified</truncated>
		<difficult>Unspecified</difficult>
		<bndbox>
			<xmin>2010</xmin>
			<ymin>2047</ymin>
			<xmax>2396</xmax>
			<ymax>2400</ymax>
		</bndbox>
	</object>
</annotation>