<annotation>
	<folder>my-project-name</folder>
	<filename>IMG_E8523.JPG</filename>
	<path>/my-project-name/IMG_E8523.JPG</path>
	<source>
		<database>Unspecified</database>
	</source>
	<size>
		<width>3024</width>
		<height>3024</height>
		<depth>3</depth>
	</size>
	<object>
		<name>ICS</name>
		<pose>Unspecified</pose>
		<truncated>Unspecified</truncated>
		<difficult>Unspecified</difficult>
		<bndbox>
			<xmin>2541</xmin>
			<ymin>212</ymin>
			<xmax>2905</xmax>
			<ymax>542</ymax>
		</bndbox>
	</object>
	<object>
		<name>ICS</name>
		<pose>Unspecified</pose>
		<truncated>Unspecified</truncated>
		<difficult>Unspecified</difficult>
		<bndbox>
			<xmin>2259</xmin>
			<ymin>345</ymin>
			<xmax>2541</xmax>
			<ymax>680</ymax>
		</bndbox>
	</object>
	<object>
		<name>Flip ICS</name>
		<pose>Unspecified</pose>
		<truncated>Unspecified</truncated>
		<difficult>Unspecified</difficult>
		<bndbox>
			<xmin>2066</xmin>
			<ymin>669</ymin>
			<xmax>2430</xmax>
			<ymax>973</ymax>
		</bndbox>
	</object>
	<object>
		<name>Flip ICS</name>
		<pose>Unspecified</pose>
		<truncated>Unspecified</truncated>
		<difficult>Unspecified</difficult>
		<bndbox>
			<xmin>2430</xmin>
			<ymin>1118</ymin>
			<xmax>2805</xmax>
			<ymax>1460</ymax>
		</bndbox>
	</object>
	<object>
		<name>Flip ICS</name>
		<pose>Unspecified</pose>
		<truncated>Unspecified</truncated>
		<difficult>Unspecified</difficult>
		<bndbox>
			<xmin>1794</xmin>
			<ymin>1100</ymin>
			<xmax>2129</xmax>
			<ymax>1460</ymax>
		</bndbox>
	</object>
	<object>
		<name>ICS</name>
		<pose>Unspecified</pose>
		<truncated>Unspecified</truncated>
		<difficult>Unspecified</difficult>
		<bndbox>
			<xmin>1163</xmin>
			<ymin>1233</ymin>
			<xmax>1571</xmax>
			<ymax>1545</ymax>
		</bndbox>
	</object>
	<object>
		<name>Flip ICS</name>
		<pose>Unspecified</pose>
		<truncated>Unspecified</truncated>
		<difficult>Unspecified</difficult>
		<bndbox>
			<xmin>1727</xmin>
			<ymin>1883</ymin>
			<xmax>2106</xmax>
			<ymax>2229</ymax>
		</bndbox>
	</object>
	<object>
		<name>Flip ICS</name>
		<pose>Unspecified</pose>
		<truncated>Unspecified</truncated>
		<difficult>Unspecified</difficult>
		<bndbox>
			<xmin>2552</xmin>
			<ymin>1545</ymin>
			<xmax>2894</xmax>
			<ymax>1809</ymax>
		</bndbox>
	</object>
	<object>
		<name>Flip ICS</name>
		<pose>Unspecified</pose>
		<truncated>Unspecified</truncated>
		<difficult>Unspecified</difficult>
		<bndbox>
			<xmin>2474</xmin>
			<ymin>2088</ymin>
			<xmax>2816</xmax>
			<ymax>2448</ymax>
		</bndbox>
	</object>
	<object>
		<name>ICS</name>
		<pose>Unspecified</pose>
		<truncated>Unspecified</truncated>
		<difficult>Unspecified</difficult>
		<bndbox>
			<xmin>1813</xmin>
			<ymin>2300</ymin>
			<xmax>2166</xmax>
			<ymax>2667</ymax>
		</bndbox>
	</object>
	<object>
		<name>Flip ICS</name>
		<pose>Unspecified</pose>
		<truncated>Unspecified</truncated>
		<difficult>Unspecified</difficult>
		<bndbox>
			<xmin>2270</xmin>
			<ymin>2608</ymin>
			<xmax>2649</xmax>
			<ymax>2979</ymax>
		</bndbox>
	</object>
	<object>
		<name>ICS</name>
		<pose>Unspecified</pose>
		<truncated>Unspecified</truncated>
		<difficult>Unspecified</difficult>
		<bndbox>
			<xmin>1059</xmin>
			<ymin>1943</ymin>
			<xmax>1456</xmax>
			<ymax>2318</ymax>
		</bndbox>
	</object>
</annotation>