<annotation>
	<folder>my-project-name</folder>
	<filename>IMG_E8538.JPG</filename>
	<path>/my-project-name/IMG_E8538.JPG</path>
	<source>
		<database>Unspecified</database>
	</source>
	<size>
		<width>3024</width>
		<height>3024</height>
		<depth>3</depth>
	</size>
	<object>
		<name>Flip ICS</name>
		<pose>Unspecified</pose>
		<truncated>Unspecified</truncated>
		<difficult>Unspecified</difficult>
		<bndbox>
			<xmin>2448</xmin>
			<ymin>780</ymin>
			<xmax>2835</xmax>
			<ymax>1126</ymax>
		</bndbox>
	</object>
	<object>
		<name>Flip ICS</name>
		<pose>Unspecified</pose>
		<truncated>Unspecified</truncated>
		<difficult>Unspecified</difficult>
		<bndbox>
			<xmin>1924</xmin>
			<ymin>1271</ymin>
			<xmax>2296</xmax>
			<ymax>1590</ymax>
		</bndbox>
	</object>
</annotation>