<annotation>
	<folder>my-project-name</folder>
	<filename>IMG_E8531.JPG</filename>
	<path>/my-project-name/IMG_E8531.JPG</path>
	<source>
		<database>Unspecified</database>
	</source>
	<size>
		<width>3024</width>
		<height>3024</height>
		<depth>3</depth>
	</size>
	<object>
		<name>Flip ICS</name>
		<pose>Unspecified</pose>
		<truncated>Unspecified</truncated>
		<difficult>Unspecified</difficult>
		<bndbox>
			<xmin>1438</xmin>
			<ymin>869</ymin>
			<xmax>1817</xmax>
			<ymax>1274</ymax>
		</bndbox>
	</object>
	<object>
		<name>Flip ICS</name>
		<pose>Unspecified</pose>
		<truncated>Unspecified</truncated>
		<difficult>Unspecified</difficult>
		<bndbox>
			<xmin>2106</xmin>
			<ymin>1401</ymin>
			<xmax>2456</xmax>
			<ymax>1802</ymax>
		</bndbox>
	</object>
	<object>
		<name>Flip ICS</name>
		<pose>Unspecified</pose>
		<truncated>Unspecified</truncated>
		<difficult>Unspecified</difficult>
		<bndbox>
			<xmin>1181</xmin>
			<ymin>1505</ymin>
			<xmax>1542</xmax>
			<ymax>1965</ymax>
		</bndbox>
	</object>
</annotation>