<annotation>
	<folder>my-project-name</folder>
	<filename>IMG_E8564.JPG</filename>
	<path>/my-project-name/IMG_E8564.JPG</path>
	<source>
		<database>Unspecified</database>
	</source>
	<size>
		<width>3024</width>
		<height>3024</height>
		<depth>3</depth>
	</size>
	<object>
		<name>Flip ICS</name>
		<pose>Unspecified</pose>
		<truncated>Unspecified</truncated>
		<difficult>Unspecified</difficult>
		<bndbox>
			<xmin>892</xmin>
			<ymin>958</ymin>
			<xmax>1293</xmax>
			<ymax>1274</ymax>
		</bndbox>
	</object>
	<object>
		<name>Flip ICS</name>
		<pose>Unspecified</pose>
		<truncated>Unspecified</truncated>
		<difficult>Unspecified</difficult>
		<bndbox>
			<xmin>1895</xmin>
			<ymin>1445</ymin>
			<xmax>2266</xmax>
			<ymax>1817</ymax>
		</bndbox>
	</object>
	<object>
		<name>Flip ICS</name>
		<pose>Unspecified</pose>
		<truncated>Unspecified</truncated>
		<difficult>Unspecified</difficult>
		<bndbox>
			<xmin>2359</xmin>
			<ymin>405</ymin>
			<xmax>2783</xmax>
			<ymax>732</ymax>
		</bndbox>
	</object>
</annotation>