<annotation>
	<folder>my-project-name</folder>
	<filename>IMG_E8544.JPG</filename>
	<path>/my-project-name/IMG_E8544.JPG</path>
	<source>
		<database>Unspecified</database>
	</source>
	<size>
		<width>3024</width>
		<height>3024</height>
		<depth>3</depth>
	</size>
	<object>
		<name>Flip ICS</name>
		<pose>Unspecified</pose>
		<truncated>Unspecified</truncated>
		<difficult>Unspecified</difficult>
		<bndbox>
			<xmin>1363</xmin>
			<ymin>1386</ymin>
			<xmax>1787</xmax>
			<ymax>1739</ymax>
		</bndbox>
	</object>
	<object>
		<name>Flip ICS</name>
		<pose>Unspecified</pose>
		<truncated>Unspecified</truncated>
		<difficult>Unspecified</difficult>
		<bndbox>
			<xmin>2151</xmin>
			<ymin>695</ymin>
			<xmax>2448</xmax>
			<ymax>1051</ymax>
		</bndbox>
	</object>
</annotation>