<annotation>
	<folder>my-project-name</folder>
	<filename>IMG_E8563.JPG</filename>
	<path>/my-project-name/IMG_E8563.JPG</path>
	<source>
		<database>Unspecified</database>
	</source>
	<size>
		<width>3024</width>
		<height>3024</height>
		<depth>3</depth>
	</size>
	<object>
		<name>Flip ICS</name>
		<pose>Unspecified</pose>
		<truncated>Unspecified</truncated>
		<difficult>Unspecified</difficult>
		<bndbox>
			<xmin>929</xmin>
			<ymin>895</ymin>
			<xmax>1274</xmax>
			<ymax>1282</ymax>
		</bndbox>
	</object>
	<object>
		<name>Flip ICS</name>
		<pose>Unspecified</pose>
		<truncated>Unspecified</truncated>
		<difficult>Unspecified</difficult>
		<bndbox>
			<xmin>1887</xmin>
			<ymin>1423</ymin>
			<xmax>2270</xmax>
			<ymax>1835</ymax>
		</bndbox>
	</object>
</annotation>