<annotation>
	<folder>my-project-name</folder>
	<filename>IMG_E8581.JPG</filename>
	<path>/my-project-name/IMG_E8581.JPG</path>
	<source>
		<database>Unspecified</database>
	</source>
	<size>
		<width>3024</width>
		<height>3024</height>
		<depth>3</depth>
	</size>
	<object>
		<name>Flip ICS</name>
		<pose>Unspecified</pose>
		<truncated>Unspecified</truncated>
		<difficult>Unspecified</difficult>
		<bndbox>
			<xmin>1074</xmin>
			<ymin>1471</ymin>
			<xmax>1471</xmax>
			<ymax>1850</ymax>
		</bndbox>
	</object>
	<object>
		<name>Flip ICS</name>
		<pose>Unspecified</pose>
		<truncated>Unspecified</truncated>
		<difficult>Unspecified</difficult>
		<bndbox>
			<xmin>1326</xmin>
			<ymin>762</ymin>
			<xmax>1750</xmax>
			<ymax>1141</ymax>
		</bndbox>
	</object>
	<object>
		<name>Flip ICS</name>
		<pose>Unspecified</pose>
		<truncated>Unspecified</truncated>
		<difficult>Unspecified</difficult>
		<bndbox>
			<xmin>1739</xmin>
			<ymin>1415</ymin>
			<xmax>2129</xmax>
			<ymax>1779</ymax>
		</bndbox>
	</object>
	<object>
		<name>Flip ICS</name>
		<pose>Unspecified</pose>
		<truncated>Unspecified</truncated>
		<difficult>Unspecified</difficult>
		<bndbox>
			<xmin>2396</xmin>
			<ymin>1025</ymin>
			<xmax>2797</xmax>
			<ymax>1401</ymax>
		</bndbox>
	</object>
</annotation>