<annotation>
	<folder>my-project-name</folder>
	<filename>IMG_E8549.JPG</filename>
	<path>/my-project-name/IMG_E8549.JPG</path>
	<source>
		<database>Unspecified</database>
	</source>
	<size>
		<width>3024</width>
		<height>3024</height>
		<depth>3</depth>
	</size>
	<object>
		<name>ICS</name>
		<pose>Unspecified</pose>
		<truncated>Unspecified</truncated>
		<difficult>Unspecified</difficult>
		<bndbox>
			<xmin>1724</xmin>
			<ymin>810</ymin>
			<xmax>2099</xmax>
			<ymax>1107</ymax>
		</bndbox>
	</object>
	<object>
		<name>ICS</name>
		<pose>Unspecified</pose>
		<truncated>Unspecified</truncated>
		<difficult>Unspecified</difficult>
		<bndbox>
			<xmin>2541</xmin>
			<ymin>932</ymin>
			<xmax>2887</xmax>
			<ymax>1300</ymax>
		</bndbox>
	</object>
	<object>
		<name>ICS</name>
		<pose>Unspecified</pose>
		<truncated>Unspecified</truncated>
		<difficult>Unspecified</difficult>
		<bndbox>
			<xmin>1512</xmin>
			<ymin>1557</ymin>
			<xmax>1846</xmax>
			<ymax>1913</ymax>
		</bndbox>
	</object>
</annotation>