<annotation>
	<folder>my-project-name</folder>
	<filename>IMG_E8574.JPG</filename>
	<path>/my-project-name/IMG_E8574.JPG</path>
	<source>
		<database>Unspecified</database>
	</source>
	<size>
		<width>3024</width>
		<height>3024</height>
		<depth>3</depth>
	</size>
	<object>
		<name>ICS</name>
		<pose>Unspecified</pose>
		<truncated>Unspecified</truncated>
		<difficult>Unspecified</difficult>
		<bndbox>
			<xmin>1211</xmin>
			<ymin>1077</ymin>
			<xmax>1542</xmax>
			<ymax>1419</ymax>
		</bndbox>
	</object>
	<object>
		<name>ICS</name>
		<pose>Unspecified</pose>
		<truncated>Unspecified</truncated>
		<difficult>Unspecified</difficult>
		<bndbox>
			<xmin>1690</xmin>
			<ymin>561</ymin>
			<xmax>2032</xmax>
			<ymax>847</ymax>
		</bndbox>
	</object>
	<object>
		<name>Flip ICS</name>
		<pose>Unspecified</pose>
		<truncated>Unspecified</truncated>
		<difficult>Unspecified</difficult>
		<bndbox>
			<xmin>2110</xmin>
			<ymin>115</ymin>
			<xmax>2482</xmax>
			<ymax>487</ymax>
		</bndbox>
	</object>
	<object>
		<name>Flip ICS</name>
		<pose>Unspecified</pose>
		<truncated>Unspecified</truncated>
		<difficult>Unspecified</difficult>
		<bndbox>
			<xmin>1516</xmin>
			<ymin>1490</ymin>
			<xmax>1943</xmax>
			<ymax>1824</ymax>
		</bndbox>
	</object>
</annotation>