<annotation>
	<folder>my-project-name</folder>
	<filename>IMG_E8554.JPG</filename>
	<path>/my-project-name/IMG_E8554.JPG</path>
	<source>
		<database>Unspecified</database>
	</source>
	<size>
		<width>3024</width>
		<height>3024</height>
		<depth>3</depth>
	</size>
	<object>
		<name>ICS</name>
		<pose>Unspecified</pose>
		<truncated>Unspecified</truncated>
		<difficult>Unspecified</difficult>
		<bndbox>
			<xmin>1215</xmin>
			<ymin>1545</ymin>
			<xmax>1586</xmax>
			<ymax>1854</ymax>
		</bndbox>
	</object>
	<object>
		<name>ICS</name>
		<pose>Unspecified</pose>
		<truncated>Unspecified</truncated>
		<difficult>Unspecified</difficult>
		<bndbox>
			<xmin>1943</xmin>
			<ymin>1727</ymin>
			<xmax>2296</xmax>
			<ymax>2140</ymax>
		</bndbox>
	</object>
</annotation>