<annotation>
	<folder>my-project-name</folder>
	<filename>IMG_E8578.JPG</filename>
	<path>/my-project-name/IMG_E8578.JPG</path>
	<source>
		<database>Unspecified</database>
	</source>
	<size>
		<width>3024</width>
		<height>3024</height>
		<depth>3</depth>
	</size>
	<object>
		<name>ICS</name>
		<pose>Unspecified</pose>
		<truncated>Unspecified</truncated>
		<difficult>Unspecified</difficult>
		<bndbox>
			<xmin>628</xmin>
			<ymin>1404</ymin>
			<xmax>1007</xmax>
			<ymax>1735</ymax>
		</bndbox>
	</object>
	<object>
		<name>Flip ICS</name>
		<pose>Unspecified</pose>
		<truncated>Unspecified</truncated>
		<difficult>Unspecified</difficult>
		<bndbox>
			<xmin>858</xmin>
			<ymin>59</ymin>
			<xmax>1259</xmax>
			<ymax>431</ymax>
		</bndbox>
	</object>
	<object>
		<name>Flip ICS</name>
		<pose>Unspecified</pose>
		<truncated>Unspecified</truncated>
		<difficult>Unspecified</difficult>
		<bndbox>
			<xmin>1854</xmin>
			<ymin>0</ymin>
			<xmax>2262</xmax>
			<ymax>371</ymax>
		</bndbox>
	</object>
</annotation>