<annotation>
	<folder>my-project-name</folder>
	<filename>IMG_E8530.JPG</filename>
	<path>/my-project-name/IMG_E8530.JPG</path>
	<source>
		<database>Unspecified</database>
	</source>
	<size>
		<width>3024</width>
		<height>3024</height>
		<depth>3</depth>
	</size>
	<object>
		<name>Flip ICS</name>
		<pose>Unspecified</pose>
		<truncated>Unspecified</truncated>
		<difficult>Unspecified</difficult>
		<bndbox>
			<xmin>1148</xmin>
			<ymin>1475</ymin>
			<xmax>1527</xmax>
			<ymax>1846</ymax>
		</bndbox>
	</object>
	<object>
		<name>Flip ICS</name>
		<pose>Unspecified</pose>
		<truncated>Unspecified</truncated>
		<difficult>Unspecified</difficult>
		<bndbox>
			<xmin>2051</xmin>
			<ymin>1289</ymin>
			<xmax>2456</xmax>
			<ymax>1668</ymax>
		</bndbox>
	</object>
	<object>
		<name>ICS</name>
		<pose>Unspecified</pose>
		<truncated>Unspecified</truncated>
		<difficult>Unspecified</difficult>
		<bndbox>
			<xmin>1861</xmin>
			<ymin>2066</ymin>
			<xmax>2199</xmax>
			<ymax>2474</ymax>
		</bndbox>
	</object>
</annotation>