<annotation>
	<folder>my-project-name</folder>
	<filename>IMG_E8567.JPG</filename>
	<path>/my-project-name/IMG_E8567.JPG</path>
	<source>
		<database>Unspecified</database>
	</source>
	<size>
		<width>3024</width>
		<height>3024</height>
		<depth>3</depth>
	</size>
	<object>
		<name>ICS</name>
		<pose>Unspecified</pose>
		<truncated>Unspecified</truncated>
		<difficult>Unspecified</difficult>
		<bndbox>
			<xmin>1237</xmin>
			<ymin>1612</ymin>
			<xmax>1627</xmax>
			<ymax>1962</ymax>
		</bndbox>
	</object>
	<object>
		<name>ICS</name>
		<pose>Unspecified</pose>
		<truncated>Unspecified</truncated>
		<difficult>Unspecified</difficult>
		<bndbox>
			<xmin>1991</xmin>
			<ymin>1486</ymin>
			<xmax>2392</xmax>
			<ymax>1861</ymax>
		</bndbox>
	</object>
	<object>
		<name>ICS</name>
		<pose>Unspecified</pose>
		<truncated>Unspecified</truncated>
		<difficult>Unspecified</difficult>
		<bndbox>
			<xmin>2623</xmin>
			<ymin>490</ymin>
			<xmax>2976</xmax>
			<ymax>892</ymax>
		</bndbox>
	</object>
	<object>
		<name>ICS</name>
		<pose>Unspecified</pose>
		<truncated>Unspecified</truncated>
		<difficult>Unspecified</difficult>
		<bndbox>
			<xmin>2014</xmin>
			<ymin>1947</ymin>
			<xmax>2400</xmax>
			<ymax>2322</ymax>
		</bndbox>
	</object>
</annotation>