<annotation>
	<folder>my-project-name</folder>
	<filename>IMG_E8529.JPG</filename>
	<path>/my-project-name/IMG_E8529.JPG</path>
	<source>
		<database>Unspecified</database>
	</source>
	<size>
		<width>3024</width>
		<height>3024</height>
		<depth>3</depth>
	</size>
	<object>
		<name>ICS</name>
		<pose>Unspecified</pose>
		<truncated>Unspecified</truncated>
		<difficult>Unspecified</difficult>
		<bndbox>
			<xmin>1382</xmin>
			<ymin>1018</ymin>
			<xmax>1831</xmax>
			<ymax>1334</ymax>
		</bndbox>
	</object>
	<object>
		<name>Flip ICS</name>
		<pose>Unspecified</pose>
		<truncated>Unspecified</truncated>
		<difficult>Unspecified</difficult>
		<bndbox>
			<xmin>2073</xmin>
			<ymin>1248</ymin>
			<xmax>2407</xmax>
			<ymax>1642</ymax>
		</bndbox>
	</object>
	<object>
		<name>ICS</name>
		<pose>Unspecified</pose>
		<truncated>Unspecified</truncated>
		<difficult>Unspecified</difficult>
		<bndbox>
			<xmin>1861</xmin>
			<ymin>2077</ymin>
			<xmax>2225</xmax>
			<ymax>2467</ymax>
		</bndbox>
	</object>
</annotation>