<annotation>
	<folder>my-project-name</folder>
	<filename>IMG_E8576.JPG</filename>
	<path>/my-project-name/IMG_E8576.JPG</path>
	<source>
		<database>Unspecified</database>
	</source>
	<size>
		<width>3024</width>
		<height>3024</height>
		<depth>3</depth>
	</size>
	<object>
		<name>ICS</name>
		<pose>Unspecified</pose>
		<truncated>Unspecified</truncated>
		<difficult>Unspecified</difficult>
		<bndbox>
			<xmin>1304</xmin>
			<ymin>1259</ymin>
			<xmax>1649</xmax>
			<ymax>1631</ymax>
		</bndbox>
	</object>
	<object>
		<name>Flip ICS</name>
		<pose>Unspecified</pose>
		<truncated>Unspecified</truncated>
		<difficult>Unspecified</difficult>
		<bndbox>
			<xmin>1531</xmin>
			<ymin>542</ymin>
			<xmax>1962</xmax>
			<ymax>888</ymax>
		</bndbox>
	</object>
	<object>
		<name>Flip ICS</name>
		<pose>Unspecified</pose>
		<truncated>Unspecified</truncated>
		<difficult>Unspecified</difficult>
		<bndbox>
			<xmin>2225</xmin>
			<ymin>583</ymin>
			<xmax>2634</xmax>
			<ymax>962</ymax>
		</bndbox>
	</object>
	<object>
		<name>Flip ICS</name>
		<pose>Unspecified</pose>
		<truncated>Unspecified</truncated>
		<difficult>Unspecified</difficult>
		<bndbox>
			<xmin>1553</xmin>
			<ymin>1583</ymin>
			<xmax>1999</xmax>
			<ymax>1939</ymax>
		</bndbox>
	</object>
</annotation>