<annotation>
	<folder>my-project-name</folder>
	<filename>IMG_E8556.JPG</filename>
	<path>/my-project-name/IMG_E8556.JPG</path>
	<source>
		<database>Unspecified</database>
	</source>
	<size>
		<width>3024</width>
		<height>3024</height>
		<depth>3</depth>
	</size>
	<object>
		<name>ICS</name>
		<pose>Unspecified</pose>
		<truncated>Unspecified</truncated>
		<difficult>Unspecified</difficult>
		<bndbox>
			<xmin>1586</xmin>
			<ymin>1542</ymin>
			<xmax>2002</xmax>
			<ymax>1824</ymax>
		</bndbox>
	</object>
	<object>
		<name>Flip ICS</name>
		<pose>Unspecified</pose>
		<truncated>Unspecified</truncated>
		<difficult>Unspecified</difficult>
		<bndbox>
			<xmin>2344</xmin>
			<ymin>253</ymin>
			<xmax>2749</xmax>
			<ymax>587</ymax>
		</bndbox>
	</object>
</annotation>