<annotation>
	<folder>my-project-name</folder>
	<filename>IMG_E8514.JPG</filename>
	<path>/my-project-name/IMG_E8514.JPG</path>
	<source>
		<database>Unspecified</database>
	</source>
	<size>
		<width>3024</width>
		<height>3024</height>
		<depth>3</depth>
	</size>
	<object>
		<name>ICS</name>
		<pose>Unspecified</pose>
		<truncated>Unspecified</truncated>
		<difficult>Unspecified</difficult>
		<bndbox>
			<xmin>702</xmin>
			<ymin>958</ymin>
			<xmax>1018</xmax>
			<ymax>1289</ymax>
		</bndbox>
	</object>
	<object>
		<name>ICS</name>
		<pose>Unspecified</pose>
		<truncated>Unspecified</truncated>
		<difficult>Unspecified</difficult>
		<bndbox>
			<xmin>1490</xmin>
			<ymin>1126</ymin>
			<xmax>1798</xmax>
			<ymax>1449</ymax>
		</bndbox>
	</object>
	<object>
		<name>ICS</name>
		<pose>Unspecified</pose>
		<truncated>Unspecified</truncated>
		<difficult>Unspecified</difficult>
		<bndbox>
			<xmin>1204</xmin>
			<ymin>1857</ymin>
			<xmax>1590</xmax>
			<ymax>2203</ymax>
		</bndbox>
	</object>
</annotation>