<annotation>
	<folder>my-project-name</folder>
	<filename>IMG_E8558.JPG</filename>
	<path>/my-project-name/IMG_E8558.JPG</path>
	<source>
		<database>Unspecified</database>
	</source>
	<size>
		<width>3024</width>
		<height>3024</height>
		<depth>3</depth>
	</size>
	<object>
		<name>Flip ICS</name>
		<pose>Unspecified</pose>
		<truncated>Unspecified</truncated>
		<difficult>Unspecified</difficult>
		<bndbox>
			<xmin>821</xmin>
			<ymin>1219</ymin>
			<xmax>1159</xmax>
			<ymax>1616</ymax>
		</bndbox>
	</object>
	<object>
		<name>Flip ICS</name>
		<pose>Unspecified</pose>
		<truncated>Unspecified</truncated>
		<difficult>Unspecified</difficult>
		<bndbox>
			<xmin>2404</xmin>
			<ymin>245</ymin>
			<xmax>2712</xmax>
			<ymax>587</ymax>
		</bndbox>
	</object>
	<object>
		<name>Flip ICS</name>
		<pose>Unspecified</pose>
		<truncated>Unspecified</truncated>
		<difficult>Unspecified</difficult>
		<bndbox>
			<xmin>2255</xmin>
			<ymin>2511</ymin>
			<xmax>2660</xmax>
			<ymax>2872</ymax>
		</bndbox>
	</object>
</annotation>