<annotation>
	<folder>my-project-name</folder>
	<filename>IMG_E8533.JPG</filename>
	<path>/my-project-name/IMG_E8533.JPG</path>
	<source>
		<database>Unspecified</database>
	</source>
	<size>
		<width>3024</width>
		<height>3024</height>
		<depth>3</depth>
	</size>
	<object>
		<name>Flip ICS</name>
		<pose>Unspecified</pose>
		<truncated>Unspecified</truncated>
		<difficult>Unspecified</difficult>
		<bndbox>
			<xmin>1285</xmin>
			<ymin>241</ymin>
			<xmax>1631</xmax>
			<ymax>606</ymax>
		</bndbox>
	</object>
	<object>
		<name>Flip ICS</name>
		<pose>Unspecified</pose>
		<truncated>Unspecified</truncated>
		<difficult>Unspecified</difficult>
		<bndbox>
			<xmin>2578</xmin>
			<ymin>160</ymin>
			<xmax>2924</xmax>
			<ymax>520</ymax>
		</bndbox>
	</object>
	<object>
		<name>Flip ICS</name>
		<pose>Unspecified</pose>
		<truncated>Unspecified</truncated>
		<difficult>Unspecified</difficult>
		<bndbox>
			<xmin>1516</xmin>
			<ymin>1144</ymin>
			<xmax>1883</xmax>
			<ymax>1493</ymax>
		</bndbox>
	</object>
</annotation>