<annotation>
	<folder>my-project-name</folder>
	<filename>IMG_E8512.JPG</filename>
	<path>/my-project-name/IMG_E8512.JPG</path>
	<source>
		<database>Unspecified</database>
	</source>
	<size>
		<width>3024</width>
		<height>3024</height>
		<depth>3</depth>
	</size>
	<object>
		<name>ICS</name>
		<pose>Unspecified</pose>
		<truncated>Unspecified</truncated>
		<difficult>Unspecified</difficult>
		<bndbox>
			<xmin>832</xmin>
			<ymin>851</ymin>
			<xmax>1155</xmax>
			<ymax>1133</ymax>
		</bndbox>
	</object>
	<object>
		<name>ICS</name>
		<pose>Unspecified</pose>
		<truncated>Unspecified</truncated>
		<difficult>Unspecified</difficult>
		<bndbox>
			<xmin>1597</xmin>
			<ymin>293</ymin>
			<xmax>1917</xmax>
			<ymax>624</ymax>
		</bndbox>
	</object>
	<object>
		<name>ICS</name>
		<pose>Unspecified</pose>
		<truncated>Unspecified</truncated>
		<difficult>Unspecified</difficult>
		<bndbox>
			<xmin>2359</xmin>
			<ymin>182</ymin>
			<xmax>2667</xmax>
			<ymax>539</ymax>
		</bndbox>
	</object>
	<object>
		<name>ICS</name>
		<pose>Unspecified</pose>
		<truncated>Unspecified</truncated>
		<difficult>Unspecified</difficult>
		<bndbox>
			<xmin>2062</xmin>
			<ymin>1482</ymin>
			<xmax>2430</xmax>
			<ymax>1805</ymax>
		</bndbox>
	</object>
	<object>
		<name>ICS</name>
		<pose>Unspecified</pose>
		<truncated>Unspecified</truncated>
		<difficult>Unspecified</difficult>
		<bndbox>
			<xmin>1144</xmin>
			<ymin>2010</ymin>
			<xmax>1408</xmax>
			<ymax>2326</ymax>
		</bndbox>
	</object>
	<object>
		<name>ICS</name>
		<pose>Unspecified</pose>
		<truncated>Unspecified</truncated>
		<difficult>Unspecified</difficult>
		<bndbox>
			<xmin>1512</xmin>
			<ymin>2552</ymin>
			<xmax>1798</xmax>
			<ymax>2887</ymax>
		</bndbox>
	</object>
	<object>
		<name>ICS</name>
		<pose>Unspecified</pose>
		<truncated>Unspecified</truncated>
		<difficult>Unspecified</difficult>
		<bndbox>
			<xmin>2619</xmin>
			<ymin>2236</ymin>
			<xmax>2987</xmax>
			<ymax>2600</ymax>
		</bndbox>
	</object>
	<object>
		<name>Flip ICS</name>
		<pose>Unspecified</pose>
		<truncated>Unspecified</truncated>
		<difficult>Unspecified</difficult>
		<bndbox>
			<xmin>1913</xmin>
			<ymin>695</ymin>
			<xmax>2277</xmax>
			<ymax>1055</ymax>
		</bndbox>
	</object>
</annotation>