<annotation>
	<folder>my-project-name</folder>
	<filename>IMG_E8518.JPG</filename>
	<path>/my-project-name/IMG_E8518.JPG</path>
	<source>
		<database>Unspecified</database>
	</source>
	<size>
		<width>3024</width>
		<height>3024</height>
		<depth>3</depth>
	</size>
	<object>
		<name>ICS</name>
		<pose>Unspecified</pose>
		<truncated>Unspecified</truncated>
		<difficult>Unspecified</difficult>
		<bndbox>
			<xmin>1497</xmin>
			<ymin>364</ymin>
			<xmax>1839</xmax>
			<ymax>736</ymax>
		</bndbox>
	</object>
	<object>
		<name>ICS</name>
		<pose>Unspecified</pose>
		<truncated>Unspecified</truncated>
		<difficult>Unspecified</difficult>
		<bndbox>
			<xmin>1456</xmin>
			<ymin>936</ymin>
			<xmax>1750</xmax>
			<ymax>1289</ymax>
		</bndbox>
	</object>
	<object>
		<name>ICS</name>
		<pose>Unspecified</pose>
		<truncated>Unspecified</truncated>
		<difficult>Unspecified</difficult>
		<bndbox>
			<xmin>1059</xmin>
			<ymin>1230</ymin>
			<xmax>1360</xmax>
			<ymax>1560</ymax>
		</bndbox>
	</object>
	<object>
		<name>Flip ICS</name>
		<pose>Unspecified</pose>
		<truncated>Unspecified</truncated>
		<difficult>Unspecified</difficult>
		<bndbox>
			<xmin>2021</xmin>
			<ymin>732</ymin>
			<xmax>2344</xmax>
			<ymax>999</ymax>
		</bndbox>
	</object>
	<object>
		<name>ICS</name>
		<pose>Unspecified</pose>
		<truncated>Unspecified</truncated>
		<difficult>Unspecified</difficult>
		<bndbox>
			<xmin>2277</xmin>
			<ymin>1178</ymin>
			<xmax>2634</xmax>
			<ymax>1560</ymax>
		</bndbox>
	</object>
	<object>
		<name>ICS</name>
		<pose>Unspecified</pose>
		<truncated>Unspecified</truncated>
		<difficult>Unspecified</difficult>
		<bndbox>
			<xmin>1709</xmin>
			<ymin>1813</ymin>
			<xmax>1984</xmax>
			<ymax>2158</ymax>
		</bndbox>
	</object>
	<object>
		<name>ICS</name>
		<pose>Unspecified</pose>
		<truncated>Unspecified</truncated>
		<difficult>Unspecified</difficult>
		<bndbox>
			<xmin>2181</xmin>
			<ymin>1895</ymin>
			<xmax>2552</xmax>
			<ymax>2270</ymax>
		</bndbox>
	</object>
	<object>
		<name>ICS</name>
		<pose>Unspecified</pose>
		<truncated>Unspecified</truncated>
		<difficult>Unspecified</difficult>
		<bndbox>
			<xmin>2634</xmin>
			<ymin>1564</ymin>
			<xmax>2976</xmax>
			<ymax>1854</ymax>
		</bndbox>
	</object>
</annotation>