<annotation>
	<folder>my-project-name</folder>
	<filename>IMG_E8521.JPG</filename>
	<path>/my-project-name/IMG_E8521.JPG</path>
	<source>
		<database>Unspecified</database>
	</source>
	<size>
		<width>3024</width>
		<height>3024</height>
		<depth>3</depth>
	</size>
	<object>
		<name>ICS</name>
		<pose>Unspecified</pose>
		<truncated>Unspecified</truncated>
		<difficult>Unspecified</difficult>
		<bndbox>
			<xmin>910</xmin>
			<ymin>758</ymin>
			<xmax>1263</xmax>
			<ymax>1107</ymax>
		</bndbox>
	</object>
	<object>
		<name>ICS</name>
		<pose>Unspecified</pose>
		<truncated>Unspecified</truncated>
		<difficult>Unspecified</difficult>
		<bndbox>
			<xmin>1237</xmin>
			<ymin>940</ymin>
			<xmax>1571</xmax>
			<ymax>1304</ymax>
		</bndbox>
	</object>
	<object>
		<name>ICS</name>
		<pose>Unspecified</pose>
		<truncated>Unspecified</truncated>
		<difficult>Unspecified</difficult>
		<bndbox>
			<xmin>962</xmin>
			<ymin>1464</ymin>
			<xmax>1345</xmax>
			<ymax>1857</ymax>
		</bndbox>
	</object>
	<object>
		<name>Flip ICS</name>
		<pose>Unspecified</pose>
		<truncated>Unspecified</truncated>
		<difficult>Unspecified</difficult>
		<bndbox>
			<xmin>2118</xmin>
			<ymin>334</ymin>
			<xmax>2448</xmax>
			<ymax>661</ymax>
		</bndbox>
	</object>
	<object>
		<name>Flip ICS</name>
		<pose>Unspecified</pose>
		<truncated>Unspecified</truncated>
		<difficult>Unspecified</difficult>
		<bndbox>
			<xmin>1471</xmin>
			<ymin>476</ymin>
			<xmax>1783</xmax>
			<ymax>836</ymax>
		</bndbox>
	</object>
	<object>
		<name>ICS</name>
		<pose>Unspecified</pose>
		<truncated>Unspecified</truncated>
		<difficult>Unspecified</difficult>
		<bndbox>
			<xmin>1575</xmin>
			<ymin>762</ymin>
			<xmax>1898</xmax>
			<ymax>1111</ymax>
		</bndbox>
	</object>
	<object>
		<name>ICS</name>
		<pose>Unspecified</pose>
		<truncated>Unspecified</truncated>
		<difficult>Unspecified</difficult>
		<bndbox>
			<xmin>1883</xmin>
			<ymin>1010</ymin>
			<xmax>2233</xmax>
			<ymax>1404</ymax>
		</bndbox>
	</object>
	<object>
		<name>Flip ICS</name>
		<pose>Unspecified</pose>
		<truncated>Unspecified</truncated>
		<difficult>Unspecified</difficult>
		<bndbox>
			<xmin>2288</xmin>
			<ymin>1271</ymin>
			<xmax>2656</xmax>
			<ymax>1583</ymax>
		</bndbox>
	</object>
	<object>
		<name>ICS</name>
		<pose>Unspecified</pose>
		<truncated>Unspecified</truncated>
		<difficult>Unspecified</difficult>
		<bndbox>
			<xmin>1805</xmin>
			<ymin>1783</ymin>
			<xmax>2166</xmax>
			<ymax>2151</ymax>
		</bndbox>
	</object>
	<object>
		<name>ICS</name>
		<pose>Unspecified</pose>
		<truncated>Unspecified</truncated>
		<difficult>Unspecified</difficult>
		<bndbox>
			<xmin>2340</xmin>
			<ymin>1594</ymin>
			<xmax>2712</xmax>
			<ymax>1898</ymax>
		</bndbox>
	</object>
	<object>
		<name>ICS</name>
		<pose>Unspecified</pose>
		<truncated>Unspecified</truncated>
		<difficult>Unspecified</difficult>
		<bndbox>
			<xmin>2084</xmin>
			<ymin>2355</ymin>
			<xmax>2459</xmax>
			<ymax>2738</ymax>
		</bndbox>
	</object>
</annotation>