<annotation>
	<folder>my-project-name</folder>
	<filename>IMG_E8573.JPG</filename>
	<path>/my-project-name/IMG_E8573.JPG</path>
	<source>
		<database>Unspecified</database>
	</source>
	<size>
		<width>3024</width>
		<height>3024</height>
		<depth>3</depth>
	</size>
	<object>
		<name>ICS</name>
		<pose>Unspecified</pose>
		<truncated>Unspecified</truncated>
		<difficult>Unspecified</difficult>
		<bndbox>
			<xmin>1245</xmin>
			<ymin>1144</ymin>
			<xmax>1594</xmax>
			<ymax>1493</ymax>
		</bndbox>
	</object>
	<object>
		<name>ICS</name>
		<pose>Unspecified</pose>
		<truncated>Unspecified</truncated>
		<difficult>Unspecified</difficult>
		<bndbox>
			<xmin>1768</xmin>
			<ymin>676</ymin>
			<xmax>2106</xmax>
			<ymax>973</ymax>
		</bndbox>
	</object>
	<object>
		<name>Flip ICS</name>
		<pose>Unspecified</pose>
		<truncated>Unspecified</truncated>
		<difficult>Unspecified</difficult>
		<bndbox>
			<xmin>2080</xmin>
			<ymin>947</ymin>
			<xmax>2470</xmax>
			<ymax>1282</ymax>
		</bndbox>
	</object>
	<object>
		<name>Flip ICS</name>
		<pose>Unspecified</pose>
		<truncated>Unspecified</truncated>
		<difficult>Unspecified</difficult>
		<bndbox>
			<xmin>1549</xmin>
			<ymin>1557</ymin>
			<xmax>1928</xmax>
			<ymax>1943</ymax>
		</bndbox>
	</object>
</annotation>