<annotation>
	<folder>my-project-name</folder>
	<filename>IMG_E8511.JPG</filename>
	<path>/my-project-name/IMG_E8511.JPG</path>
	<source>
		<database>Unspecified</database>
	</source>
	<size>
		<width>3024</width>
		<height>3024</height>
		<depth>3</depth>
	</size>
	<object>
		<name>ICS</name>
		<pose>Unspecified</pose>
		<truncated>Unspecified</truncated>
		<difficult>Unspecified</difficult>
		<bndbox>
			<xmin>698</xmin>
			<ymin>702</ymin>
			<xmax>988</xmax>
			<ymax>932</ymax>
		</bndbox>
	</object>
	<object>
		<name>ICS</name>
		<pose>Unspecified</pose>
		<truncated>Unspecified</truncated>
		<difficult>Unspecified</difficult>
		<bndbox>
			<xmin>1274</xmin>
			<ymin>554</ymin>
			<xmax>1568</xmax>
			<ymax>888</ymax>
		</bndbox>
	</object>
	<object>
		<name>ICS</name>
		<pose>Unspecified</pose>
		<truncated>Unspecified</truncated>
		<difficult>Unspecified</difficult>
		<bndbox>
			<xmin>2129</xmin>
			<ymin>1241</ymin>
			<xmax>2463</xmax>
			<ymax>1583</ymax>
		</bndbox>
	</object>
	<object>
		<name>ICS</name>
		<pose>Unspecified</pose>
		<truncated>Unspecified</truncated>
		<difficult>Unspecified</difficult>
		<bndbox>
			<xmin>2500</xmin>
			<ymin>981</ymin>
			<xmax>2838</xmax>
			<ymax>1315</ymax>
		</bndbox>
	</object>
	<object>
		<name>ICS</name>
		<pose>Unspecified</pose>
		<truncated>Unspecified</truncated>
		<difficult>Unspecified</difficult>
		<bndbox>
			<xmin>1114</xmin>
			<ymin>1802</ymin>
			<xmax>1397</xmax>
			<ymax>2110</ymax>
		</bndbox>
	</object>
	<object>
		<name>ICS</name>
		<pose>Unspecified</pose>
		<truncated>Unspecified</truncated>
		<difficult>Unspecified</difficult>
		<bndbox>
			<xmin>1991</xmin>
			<ymin>1772</ymin>
			<xmax>2329</xmax>
			<ymax>2147</ymax>
		</bndbox>
	</object>
	<object>
		<name>ICS</name>
		<pose>Unspecified</pose>
		<truncated>Unspecified</truncated>
		<difficult>Unspecified</difficult>
		<bndbox>
			<xmin>2619</xmin>
			<ymin>1839</ymin>
			<xmax>2972</xmax>
			<ymax>2177</ymax>
		</bndbox>
	</object>
	<object>
		<name>ICS</name>
		<pose>Unspecified</pose>
		<truncated>Unspecified</truncated>
		<difficult>Unspecified</difficult>
		<bndbox>
			<xmin>1025</xmin>
			<ymin>2508</ymin>
			<xmax>1285</xmax>
			<ymax>2809</ymax>
		</bndbox>
	</object>
</annotation>