<annotation>
	<folder>my-project-name</folder>
	<filename>IMG_E8548.JPG</filename>
	<path>/my-project-name/IMG_E8548.JPG</path>
	<source>
		<database>Unspecified</database>
	</source>
	<size>
		<width>3024</width>
		<height>3024</height>
		<depth>3</depth>
	</size>
	<object>
		<name>ICS</name>
		<pose>Unspecified</pose>
		<truncated>Unspecified</truncated>
		<difficult>Unspecified</difficult>
		<bndbox>
			<xmin>1713</xmin>
			<ymin>802</ymin>
			<xmax>2066</xmax>
			<ymax>1126</ymax>
		</bndbox>
	</object>
	<object>
		<name>ICS</name>
		<pose>Unspecified</pose>
		<truncated>Unspecified</truncated>
		<difficult>Unspecified</difficult>
		<bndbox>
			<xmin>1490</xmin>
			<ymin>1538</ymin>
			<xmax>1828</xmax>
			<ymax>1898</ymax>
		</bndbox>
	</object>
</annotation>