<annotation>
	<folder>my-project-name</folder>
	<filename>IMG_E8535.JPG</filename>
	<path>/my-project-name/IMG_E8535.JPG</path>
	<source>
		<database>Unspecified</database>
	</source>
	<size>
		<width>3024</width>
		<height>3024</height>
		<depth>3</depth>
	</size>
	<object>
		<name>Flip ICS</name>
		<pose>Unspecified</pose>
		<truncated>Unspecified</truncated>
		<difficult>Unspecified</difficult>
		<bndbox>
			<xmin>1523</xmin>
			<ymin>1219</ymin>
			<xmax>1913</xmax>
			<ymax>1575</ymax>
		</bndbox>
	</object>
	<object>
		<name>ICS</name>
		<pose>Unspecified</pose>
		<truncated>Unspecified</truncated>
		<difficult>Unspecified</difficult>
		<bndbox>
			<xmin>1731</xmin>
			<ymin>594</ymin>
			<xmax>2147</xmax>
			<ymax>962</ymax>
		</bndbox>
	</object>
	<object>
		<name>ICS</name>
		<pose>Unspecified</pose>
		<truncated>Unspecified</truncated>
		<difficult>Unspecified</difficult>
		<bndbox>
			<xmin>2548</xmin>
			<ymin>624</ymin>
			<xmax>2864</xmax>
			<ymax>984</ymax>
		</bndbox>
	</object>
</annotation>