<annotation>
	<folder>my-project-name</folder>
	<filename>IMG_E8557.JPG</filename>
	<path>/my-project-name/IMG_E8557.JPG</path>
	<source>
		<database>Unspecified</database>
	</source>
	<size>
		<width>3024</width>
		<height>3024</height>
		<depth>3</depth>
	</size>
	<object>
		<name>Flip ICS</name>
		<pose>Unspecified</pose>
		<truncated>Unspecified</truncated>
		<difficult>Unspecified</difficult>
		<bndbox>
			<xmin>2207</xmin>
			<ymin>2567</ymin>
			<xmax>2634</xmax>
			<ymax>2916</ymax>
		</bndbox>
	</object>
	<object>
		<name>Flip ICS</name>
		<pose>Unspecified</pose>
		<truncated>Unspecified</truncated>
		<difficult>Unspecified</difficult>
		<bndbox>
			<xmin>2407</xmin>
			<ymin>286</ymin>
			<xmax>2775</xmax>
			<ymax>635</ymax>
		</bndbox>
	</object>
</annotation>