<annotation>
	<folder>my-project-name</folder>
	<filename>IMG_E8516.JPG</filename>
	<path>/my-project-name/IMG_E8516.JPG</path>
	<source>
		<database>Unspecified</database>
	</source>
	<size>
		<width>3024</width>
		<height>3024</height>
		<depth>3</depth>
	</size>
	<object>
		<name>ICS</name>
		<pose>Unspecified</pose>
		<truncated>Unspecified</truncated>
		<difficult>Unspecified</difficult>
		<bndbox>
			<xmin>1471</xmin>
			<ymin>970</ymin>
			<xmax>1750</xmax>
			<ymax>1282</ymax>
		</bndbox>
	</object>
	<object>
		<name>ICS</name>
		<pose>Unspecified</pose>
		<truncated>Unspecified</truncated>
		<difficult>Unspecified</difficult>
		<bndbox>
			<xmin>1066</xmin>
			<ymin>1241</ymin>
			<xmax>1375</xmax>
			<ymax>1575</ymax>
		</bndbox>
	</object>
	<object>
		<name>ICS</name>
		<pose>Unspecified</pose>
		<truncated>Unspecified</truncated>
		<difficult>Unspecified</difficult>
		<bndbox>
			<xmin>2277</xmin>
			<ymin>1211</ymin>
			<xmax>2649</xmax>
			<ymax>1583</ymax>
		</bndbox>
	</object>
	<object>
		<name>ICS</name>
		<pose>Unspecified</pose>
		<truncated>Unspecified</truncated>
		<difficult>Unspecified</difficult>
		<bndbox>
			<xmin>1709</xmin>
			<ymin>1828</ymin>
			<xmax>1988</xmax>
			<ymax>2181</ymax>
		</bndbox>
	</object>
	<object>
		<name>ICS</name>
		<pose>Unspecified</pose>
		<truncated>Unspecified</truncated>
		<difficult>Unspecified</difficult>
		<bndbox>
			<xmin>2181</xmin>
			<ymin>1910</ymin>
			<xmax>2571</xmax>
			<ymax>2285</ymax>
		</bndbox>
	</object>
</annotation>