<annotation>
	<folder>my-project-name</folder>
	<filename>IMG_E8552.JPG</filename>
	<path>/my-project-name/IMG_E8552.JPG</path>
	<source>
		<database>Unspecified</database>
	</source>
	<size>
		<width>3024</width>
		<height>3024</height>
		<depth>3</depth>
	</size>
	<object>
		<name>ICS</name>
		<pose>Unspecified</pose>
		<truncated>Unspecified</truncated>
		<difficult>Unspecified</difficult>
		<bndbox>
			<xmin>646</xmin>
			<ymin>1783</ymin>
			<xmax>1055</xmax>
			<ymax>2155</ymax>
		</bndbox>
	</object>
	<object>
		<name>ICS</name>
		<pose>Unspecified</pose>
		<truncated>Unspecified</truncated>
		<difficult>Unspecified</difficult>
		<bndbox>
			<xmin>2021</xmin>
			<ymin>572</ymin>
			<xmax>2433</xmax>
			<ymax>951</ymax>
		</bndbox>
	</object>
	<object>
		<name>ICS</name>
		<pose>Unspecified</pose>
		<truncated>Unspecified</truncated>
		<difficult>Unspecified</difficult>
		<bndbox>
			<xmin>2144</xmin>
			<ymin>1831</ymin>
			<xmax>2489</xmax>
			<ymax>2225</ymax>
		</bndbox>
	</object>
</annotation>