<annotation>
	<folder>my-project-name</folder>
	<filename>IMG_E8571.JPG</filename>
	<path>/my-project-name/IMG_E8571.JPG</path>
	<source>
		<database>Unspecified</database>
	</source>
	<size>
		<width>3024</width>
		<height>3024</height>
		<depth>3</depth>
	</size>
	<object>
		<name>ICS</name>
		<pose>Unspecified</pose>
		<truncated>Unspecified</truncated>
		<difficult>Unspecified</difficult>
		<bndbox>
			<xmin>1044</xmin>
			<ymin>1319</ymin>
			<xmax>1434</xmax>
			<ymax>1683</ymax>
		</bndbox>
	</object>
	<object>
		<name>Flip ICS</name>
		<pose>Unspecified</pose>
		<truncated>Unspecified</truncated>
		<difficult>Unspecified</difficult>
		<bndbox>
			<xmin>1720</xmin>
			<ymin>1062</ymin>
			<xmax>2136</xmax>
			<ymax>1438</ymax>
		</bndbox>
	</object>
	<object>
		<name>ICS</name>
		<pose>Unspecified</pose>
		<truncated>Unspecified</truncated>
		<difficult>Unspecified</difficult>
		<bndbox>
			<xmin>2080</xmin>
			<ymin>494</ymin>
			<xmax>2422</xmax>
			<ymax>858</ymax>
		</bndbox>
	</object>
	<object>
		<name>ICS</name>
		<pose>Unspecified</pose>
		<truncated>Unspecified</truncated>
		<difficult>Unspecified</difficult>
		<bndbox>
			<xmin>2411</xmin>
			<ymin>591</ymin>
			<xmax>2742</xmax>
			<ymax>936</ymax>
		</bndbox>
	</object>
</annotation>