<annotation>
	<folder>my-project-name</folder>
	<filename>IMG_E8553.JPG</filename>
	<path>/my-project-name/IMG_E8553.JPG</path>
	<source>
		<database>Unspecified</database>
	</source>
	<size>
		<width>3024</width>
		<height>3024</height>
		<depth>3</depth>
	</size>
	<object>
		<name>ICS</name>
		<pose>Unspecified</pose>
		<truncated>Unspecified</truncated>
		<difficult>Unspecified</difficult>
		<bndbox>
			<xmin>1579</xmin>
			<ymin>1196</ymin>
			<xmax>1843</xmax>
			<ymax>1616</ymax>
		</bndbox>
	</object>
	<object>
		<name>ICS</name>
		<pose>Unspecified</pose>
		<truncated>Unspecified</truncated>
		<difficult>Unspecified</difficult>
		<bndbox>
			<xmin>1204</xmin>
			<ymin>1560</ymin>
			<xmax>1594</xmax>
			<ymax>1872</ymax>
		</bndbox>
	</object>
	<object>
		<name>ICS</name>
		<pose>Unspecified</pose>
		<truncated>Unspecified</truncated>
		<difficult>Unspecified</difficult>
		<bndbox>
			<xmin>1958</xmin>
			<ymin>1742</ymin>
			<xmax>2300</xmax>
			<ymax>2166</ymax>
		</bndbox>
	</object>
</annotation>